name,RA,Dec,comments
LAB15,237.7985792,19.0154028, point=box 18 color=#00DD00 width=2
LAB27,237.8278000,19.1441556, point=box 18 color=#00DD00 width=2
LAB28,237.8493750,19.1544917, point=box 18 color=#00DD00 width=2
LAB29,238.0694750,19.1615722, point=box 18 color=#00DD00 width=2
LAB30,237.9686667,19.1844528, point=box 18 color=#00DD00 width=2
LAB31,238.0854250,19.1810028, point=box 18 color=#00DD00 width=2
LAB33,237.9571625,19.1823833, point=box 18 color=#00DD00 width=2
LAB34,237.9779750,19.1848444, point=box 18 color=#00DD00 width=2
LAB36,237.9914542,19.1883806, point=box 18 color=#00DD00 width=2
LAB39,237.9349958,19.1901111, point=box 18 color=#00DD00 width=2
LAB40,238.0719167,19.2041667, point=box 18 color=#00DD00 width=2
LAB42,237.9698792,19.1942139, point=box 18 color=#00DD00 width=2
LAB43,237.9490125,19.1965417, point=box 18 color=#00DD00 width=2
LAB45,237.9479208,19.1999167, point=box 18 color=#00DD00 width=2
LAB46,237.9919333,19.2073528, point=box 18 color=#00DD00 width=2
LAB49,238.0142292,19.2144306, point=box 18 color=#00DD00 width=2
LAB54,238.0582083,19.2452056, point=box 18 color=#00DD00 width=2
LAB56,237.8309500,19.2709139, point=box 18 color=#00DD00 width=2
LAB57,238.1101958,19.2837111, point=box 18 color=#00DD00 width=2
LAB59,237.7919625,19.2954111, point=box 18 color=#00DD00 width=2
LAB62,237.7569875,19.3048611, point=box 18 color=#00DD00 width=2
LAB63,238.1092042,19.3042361, point=box 18 color=#00DD00 width=2
LAB66,238.0761750,19.3478056, point=box 18 color=#00DD00 width=2
LAE869,237.8184542,18.9854358, point=cross 14 color=cyan width=2
LAE871,238.1224417,18.9855694, point=cross 14 color=cyan width=2
LAE872,238.0980417,18.9853289, point=cross 14 color=cyan width=2
LAE876,237.8699542,18.9856883, point=cross 14 color=cyan width=2
LAE884,238.1654125,18.9899650, point=cross 14 color=cyan width=2
LAE887,238.1797750,18.9896628, point=cross 14 color=cyan width=2
LAE891,238.0258958,18.9913511, point=cross 14 color=cyan width=2
LAE892,237.8053125,18.9922703, point=cross 14 color=cyan width=2
LAE895,237.9138917,18.9933689, point=cross 14 color=cyan width=2
LAE902,237.9360083,18.9948939, point=cross 14 color=cyan width=2
LAE904,237.8534250,18.9946817, point=cross 14 color=cyan width=2
LAE905,237.9356250,18.9953492, point=cross 14 color=cyan width=2
LAE910,237.7919958,18.9964025, point=cross 14 color=cyan width=2
LAE912,237.7450125,18.9964578, point=cross 14 color=cyan width=2
LAE915,238.0242042,18.9971061, point=cross 14 color=cyan width=2
LAE916,237.7892750,18.9974289, point=cross 14 color=cyan width=2
LAE919,237.8902000,19.0002506, point=cross 14 color=cyan width=2
LAE921,237.7748917,19.0002547, point=cross 14 color=cyan width=2
LAE932,238.0138000,19.0061944, point=cross 14 color=cyan width=2
LAE934,237.9011125,19.0079364, point=cross 14 color=cyan width=2
LAE939,238.0425917,19.0105569, point=cross 14 color=cyan width=2
LAE940,237.9993583,19.0123619, point=cross 14 color=cyan width=2
LAE941,238.0810292,19.0125914, point=cross 14 color=cyan width=2
LAE942,238.0829125,19.0127486, point=cross 14 color=cyan width=2
LAE943,238.0886708,19.0125689, point=cross 14 color=cyan width=2
LAE947,237.8229708,19.0129261, point=cross 14 color=cyan width=2
LAE948,237.8825542,19.0138444, point=cross 14 color=cyan width=2
LAE949,238.0474375,19.0135717, point=cross 14 color=cyan width=2
LAE950,237.8724375,19.0147258, point=cross 14 color=cyan width=2
LAE951,237.8308875,19.0149433, point=cross 14 color=cyan width=2
LAE952,237.7990958,19.0149778, point=cross 14 color=cyan width=2
LAE963,238.1128333,19.0203178, point=cross 14 color=cyan width=2
LAE965,237.7930833,19.0209689, point=cross 14 color=cyan width=2
LAE969,237.7555125,19.0237772, point=cross 14 color=cyan width=2
LAE970,237.8061417,19.0238103, point=cross 14 color=cyan width=2
LAE974,238.1342083,19.0240906, point=cross 14 color=cyan width=2
LAE975,237.8688542,19.0254478, point=cross 14 color=cyan width=2
LAE979,237.7985250,19.0269717, point=cross 14 color=cyan width=2
LAE984,238.0903750,19.0287200, point=cross 14 color=cyan width=2
LAE987,237.8652917,19.0297669, point=cross 14 color=cyan width=2
LAE992,237.7485917,19.0314500, point=cross 14 color=cyan width=2
LAE995,237.8828167,19.0303417, point=cross 14 color=cyan width=2
LAE997,238.0475792,19.0322442, point=cross 14 color=cyan width=2
LAE999,238.0023875,19.0332103, point=cross 14 color=cyan width=2
LAE1001,237.8011000,19.0335769, point=cross 14 color=cyan width=2
LAE1003,237.7904125,19.0343828, point=cross 14 color=cyan width=2
LAE1004,238.0916750,19.0345225, point=cross 14 color=cyan width=2
LAE1006,237.9578250,19.0373208, point=cross 14 color=cyan width=2
LAE1010,237.8116792,19.0389725, point=cross 14 color=cyan width=2
LAE1013,238.0820583,19.0388303, point=cross 14 color=cyan width=2
LAE1015,238.0898917,19.0398256, point=cross 14 color=cyan width=2
LAE1022,237.7987083,19.0412336, point=cross 14 color=cyan width=2
LAE1028,237.9131167,19.0419289, point=cross 14 color=cyan width=2
LAE1034,237.8624292,19.0432903, point=cross 14 color=cyan width=2
LAE1039,238.1131625,19.0434286, point=cross 14 color=cyan width=2
LAE1041,237.8136333,19.0431369, point=cross 14 color=cyan width=2
LAE1045,238.0091750,19.0434928, point=cross 14 color=cyan width=2
LAE1048,238.1632625,19.0465194, point=cross 14 color=cyan width=2
LAE1051,237.8618917,19.0476431, point=cross 14 color=cyan width=2
LAE1054,237.9224250,19.0496022, point=cross 14 color=cyan width=2
LAE1057,238.1533958,19.0503933, point=cross 14 color=cyan width=2
LAE1061,238.1684667,19.0532961, point=cross 14 color=cyan width=2
LAE1062,237.7615625,19.0535856, point=cross 14 color=cyan width=2
LAE1063,237.9771417,19.0539353, point=cross 14 color=cyan width=2
LAE1064,238.1787042,19.0540244, point=cross 14 color=cyan width=2
LAE1069,237.7956500,19.0568439, point=cross 14 color=cyan width=2
LAE1070,237.8822750,19.0574403, point=cross 14 color=cyan width=2
LAE1071,237.9603708,19.0578678, point=cross 14 color=cyan width=2
LAE1074,237.7808458,19.0574411, point=cross 14 color=cyan width=2
LAE1076,238.1522875,19.0591428, point=cross 14 color=cyan width=2
LAE1078,238.0504500,19.0589642, point=cross 14 color=cyan width=2
LAE1085,237.8159583,19.0617467, point=cross 14 color=cyan width=2
LAE1088,237.8112792,19.0626881, point=cross 14 color=cyan width=2
LAE1090,238.0347458,19.0633978, point=cross 14 color=cyan width=2
LAE1093,237.9056333,19.0636875, point=cross 14 color=cyan width=2
LAE1095,237.8060375,19.0648358, point=cross 14 color=cyan width=2
LAE1096,237.9013542,19.0655806, point=cross 14 color=cyan width=2
LAE1099,237.7686750,19.0656811, point=cross 14 color=cyan width=2
LAE1100,237.9896208,19.0669856, point=cross 14 color=cyan width=2
LAE1102,237.8382375,19.0667939, point=cross 14 color=cyan width=2
LAE1104,237.8430333,19.0678044, point=cross 14 color=cyan width=2
LAE1107,237.7586417,19.0684281, point=cross 14 color=cyan width=2
LAE1108,238.0604792,19.0687067, point=cross 14 color=cyan width=2
LAE1109,237.8167958,19.0678772, point=cross 14 color=cyan width=2
LAE1114,237.8227208,19.0704886, point=cross 14 color=cyan width=2
LAE1117,237.9033750,19.0694900, point=cross 14 color=cyan width=2
LAE1118,237.9651125,19.0711164, point=cross 14 color=cyan width=2
LAE1125,238.0379417,19.0722922, point=cross 14 color=cyan width=2
LAE1126,237.9845750,19.0741669, point=cross 14 color=cyan width=2
LAE1130,237.9720375,19.0751819, point=cross 14 color=cyan width=2
LAE1132,237.7502125,19.0739628, point=cross 14 color=cyan width=2
LAE1136,237.8179167,19.0754894, point=cross 14 color=cyan width=2
LAE1138,238.0759333,19.0762428, point=cross 14 color=cyan width=2
LAE1141,238.0499708,19.0764839, point=cross 14 color=cyan width=2
LAE1142,237.8299750,19.0766269, point=cross 14 color=cyan width=2
LAE1152,238.0459958,19.0806289, point=cross 14 color=cyan width=2
LAE1155,237.8957250,19.0807944, point=cross 14 color=cyan width=2
LAE1157,237.7666000,19.0829956, point=cross 14 color=cyan width=2
LAE1160,237.7880083,19.0837650, point=cross 14 color=cyan width=2
LAE1167,237.9587000,19.0851153, point=cross 14 color=cyan width=2
LAE1172,238.1018875,19.0875758, point=cross 14 color=cyan width=2
LAE1175,237.7459958,19.0869353, point=cross 14 color=cyan width=2
LAE1180,237.7582917,19.0884414, point=cross 14 color=cyan width=2
LAE1181,237.8344625,19.0896308, point=cross 14 color=cyan width=2
LAE1185,238.1240000,19.0903453, point=cross 14 color=cyan width=2
LAE1189,238.1316167,19.0917033, point=cross 14 color=cyan width=2
LAE1195,238.1372083,19.0925789, point=cross 14 color=cyan width=2
LAE1199,237.7833333,19.0932356, point=cross 14 color=cyan width=2
LAE1203,237.8117208,19.0942019, point=cross 14 color=cyan width=2
LAE1205,238.0026625,19.0947383, point=cross 14 color=cyan width=2
LAE1206,238.1502083,19.0940903, point=cross 14 color=cyan width=2
LAE1207,238.1226417,19.0944417, point=cross 14 color=cyan width=2
LAE1208,237.8221542,19.0947106, point=cross 14 color=cyan width=2
LAE1209,237.8791917,19.0955042, point=cross 14 color=cyan width=2
LAE1211,237.8228417,19.0963406, point=cross 14 color=cyan width=2
LAE1212,237.9642875,19.0954889, point=cross 14 color=cyan width=2
LAE1213,238.0697625,19.0962753, point=cross 14 color=cyan width=2
LAE1215,237.8975500,19.0970758, point=cross 14 color=cyan width=2
LAE1216,238.0168500,19.0975558, point=cross 14 color=cyan width=2
LAE1220,237.8488167,19.0986258, point=cross 14 color=cyan width=2
LAE1221,237.9897292,19.0976044, point=cross 14 color=cyan width=2
LAE1222,237.9978375,19.0992142, point=cross 14 color=cyan width=2
LAE1223,237.9643292,19.0993978, point=cross 14 color=cyan width=2
LAE1224,238.1147750,19.0986825, point=cross 14 color=cyan width=2
LAE1227,238.0616375,19.0996206, point=cross 14 color=cyan width=2
LAE1228,238.1144917,19.0980817, point=cross 14 color=cyan width=2
LAE1229,238.0046208,19.0999939, point=cross 14 color=cyan width=2
LAE1233,237.9099458,19.1006464, point=cross 14 color=cyan width=2
LAE1237,237.9835583,19.1014650, point=cross 14 color=cyan width=2
LAE1241,237.8000833,19.1025192, point=cross 14 color=cyan width=2
LAE1242,238.1385208,19.1026486, point=cross 14 color=cyan width=2
LAE1243,237.9235917,19.1027811, point=cross 14 color=cyan width=2
LAE1245,237.8431792,19.1032606, point=cross 14 color=cyan width=2
LAE1246,237.9098708,19.1042108, point=cross 14 color=cyan width=2
LAE1247,237.9738583,19.1034542, point=cross 14 color=cyan width=2
LAE1251,237.7753542,19.1050225, point=cross 14 color=cyan width=2
LAE1252,237.9833583,19.1027389, point=cross 14 color=cyan width=2
LAE1253,237.9875958,19.1049847, point=cross 14 color=cyan width=2
LAE1257,238.1386042,19.1060603, point=cross 14 color=cyan width=2
LAE1260,238.0185208,19.1067800, point=cross 14 color=cyan width=2
LAE1261,238.1513958,19.1067817, point=cross 14 color=cyan width=2
LAE1263,238.0438917,19.1076769, point=cross 14 color=cyan width=2
LAE1266,237.8169750,19.1082892, point=cross 14 color=cyan width=2
LAE1267,237.7836167,19.1079472, point=cross 14 color=cyan width=2
LAE1277,237.7550542,19.1082336, point=cross 14 color=cyan width=2
LAE1281,238.0273208,19.1112831, point=cross 14 color=cyan width=2
LAE1282,237.8950250,19.1117903, point=cross 14 color=cyan width=2
LAE1285,237.7426750,19.1130253, point=cross 14 color=cyan width=2
LAE1286,238.1753708,19.1123814, point=cross 14 color=cyan width=2
LAE1288,237.9296375,19.1130831, point=cross 14 color=cyan width=2
LAE1290,237.7405458,19.1130956, point=cross 14 color=cyan width=2
LAE1291,237.8017042,19.1138919, point=cross 14 color=cyan width=2
LAE1292,237.8797125,19.1141133, point=cross 14 color=cyan width=2
LAE1294,237.8375083,19.1150675, point=cross 14 color=cyan width=2
LAE1296,237.9375917,19.1159336, point=cross 14 color=cyan width=2
LAE1299,237.9743750,19.1158092, point=cross 14 color=cyan width=2
LAE1301,238.0540375,19.1165072, point=cross 14 color=cyan width=2
LAE1302,237.8914958,19.1165192, point=cross 14 color=cyan width=2
LAE1305,237.7807208,19.1175378, point=cross 14 color=cyan width=2
LAE1306,237.7456458,19.1168067, point=cross 14 color=cyan width=2
LAE1308,237.9330000,19.1178914, point=cross 14 color=cyan width=2
LAE1309,237.9483333,19.1177153, point=cross 14 color=cyan width=2
LAE1318,237.7873250,19.1194183, point=cross 14 color=cyan width=2
LAE1327,237.9541292,19.1208175, point=cross 14 color=cyan width=2
LAE1329,237.7874167,19.1209197, point=cross 14 color=cyan width=2
LAE1331,237.9665875,19.1229619, point=cross 14 color=cyan width=2
LAE1332,238.0103792,19.1234247, point=cross 14 color=cyan width=2
LAE1335,237.9486208,19.1235297, point=cross 14 color=cyan width=2
LAE1336,238.1379542,19.1227147, point=cross 14 color=cyan width=2
LAE1338,237.7498292,19.1241581, point=cross 14 color=cyan width=2
LAE1339,237.9588083,19.1253647, point=cross 14 color=cyan width=2
LAE1340,237.9689042,19.1246550, point=cross 14 color=cyan width=2
LAE1342,237.9422083,19.1255325, point=cross 14 color=cyan width=2
LAE1343,238.1629333,19.1259033, point=cross 14 color=cyan width=2
LAE1345,238.1093958,19.1266897, point=cross 14 color=cyan width=2
LAE1349,237.9693750,19.1268047, point=cross 14 color=cyan width=2
LAE1353,237.8794625,19.1279578, point=cross 14 color=cyan width=2
LAE1358,237.8753500,19.1286939, point=cross 14 color=cyan width=2
LAE1359,238.1215875,19.1283950, point=cross 14 color=cyan width=2
LAE1367,237.9712792,19.1295622, point=cross 14 color=cyan width=2
LAE1369,237.9726333,19.1293428, point=cross 14 color=cyan width=2
LAE1372,238.0782208,19.1297025, point=cross 14 color=cyan width=2
LAE1376,238.0537375,19.1322417, point=cross 14 color=cyan width=2
LAE1379,237.7761458,19.1321136, point=cross 14 color=cyan width=2
LAE1381,237.7697667,19.1324069, point=cross 14 color=cyan width=2
LAE1384,237.7489292,19.1341669, point=cross 14 color=cyan width=2
LAE1388,237.9329958,19.1336261, point=cross 14 color=cyan width=2
LAE1389,238.0504167,19.1344417, point=cross 14 color=cyan width=2
LAE1390,238.0596208,19.1343864, point=cross 14 color=cyan width=2
LAE1393,237.8915000,19.1367828, point=cross 14 color=cyan width=2
LAE1394,238.1734792,19.1363647, point=cross 14 color=cyan width=2
LAE1397,238.1296125,19.1381761, point=cross 14 color=cyan width=2
LAE1400,237.9862250,19.1381300, point=cross 14 color=cyan width=2
LAE1406,237.9413792,19.1394869, point=cross 14 color=cyan width=2
LAE1408,237.8593500,19.1403636, point=cross 14 color=cyan width=2
LAE1409,237.8519917,19.1400781, point=cross 14 color=cyan width=2
LAE1411,237.8885917,19.1402200, point=cross 14 color=cyan width=2
LAE1413,238.0638375,19.1405367, point=cross 14 color=cyan width=2
LAE1417,237.7610542,19.1418197, point=cross 14 color=cyan width=2
LAE1418,237.9506542,19.1416914, point=cross 14 color=cyan width=2
LAE1419,238.0700625,19.1426133, point=cross 14 color=cyan width=2
LAE1420,238.0911500,19.1435933, point=cross 14 color=cyan width=2
LAE1422,238.0915125,19.1434439, point=cross 14 color=cyan width=2
LAE1424,237.7681500,19.1437175, point=cross 14 color=cyan width=2
LAE1425,237.8268333,19.1442947, point=cross 14 color=cyan width=2
LAE1426,238.0607083,19.1403914, point=cross 14 color=cyan width=2
LAE1427,237.8278750,19.1439914, point=cross 14 color=cyan width=2
LAE1428,237.9617333,19.1440642, point=cross 14 color=cyan width=2
LAE1430,237.7688250,19.1448392, point=cross 14 color=cyan width=2
LAE1431,237.8318375,19.1458764, point=cross 14 color=cyan width=2
LAE1434,237.9553667,19.1456386, point=cross 14 color=cyan width=2
LAE1436,237.9890667,19.1469222, point=cross 14 color=cyan width=2
LAE1439,237.9920042,19.1469881, point=cross 14 color=cyan width=2
LAE1441,238.0042708,19.1473167, point=cross 14 color=cyan width=2
LAE1449,237.9894542,19.1493125, point=cross 14 color=cyan width=2
LAE1450,238.1507417,19.1482364, point=cross 14 color=cyan width=2
LAE1451,238.0120000,19.1496892, point=cross 14 color=cyan width=2
LAE1453,237.9392542,19.1499275, point=cross 14 color=cyan width=2
LAE1460,238.1138417,19.1503675, point=cross 14 color=cyan width=2
LAE1461,237.9102917,19.1511250, point=cross 14 color=cyan width=2
LAE1462,237.9496750,19.1508764, point=cross 14 color=cyan width=2
LAE1469,237.9975375,19.1530106, point=cross 14 color=cyan width=2
LAE1470,238.0132667,19.1525203, point=cross 14 color=cyan width=2
LAE1472,237.7551375,19.1524500, point=cross 14 color=cyan width=2
LAE1473,237.8249625,19.1540881, point=cross 14 color=cyan width=2
LAE1477,237.9075125,19.1549006, point=cross 14 color=cyan width=2
LAE1478,238.0513292,19.1552056, point=cross 14 color=cyan width=2
LAE1480,237.9958167,19.1556803, point=cross 14 color=cyan width=2
LAE1482,237.8493875,19.1544761, point=cross 14 color=cyan width=2
LAE1483,238.0141958,19.1562717, point=cross 14 color=cyan width=2
LAE1486,237.9360708,19.1567978, point=cross 14 color=cyan width=2
LAE1499,238.1062125,19.1594439, point=cross 14 color=cyan width=2
LAE1500,238.0692375,19.1596964, point=cross 14 color=cyan width=2
LAE1503,237.9387417,19.1581475, point=cross 14 color=cyan width=2
LAE1505,237.9082208,19.1603019, point=cross 14 color=cyan width=2
LAE1507,237.7447583,19.1602178, point=cross 14 color=cyan width=2
LAE1508,237.9389333,19.1605939, point=cross 14 color=cyan width=2
LAE1510,237.8658792,19.1603194, point=cross 14 color=cyan width=2
LAE1511,237.7599750,19.1605322, point=cross 14 color=cyan width=2
LAE1512,237.7867625,19.1599742, point=cross 14 color=cyan width=2
LAE1515,237.9175333,19.1612350, point=cross 14 color=cyan width=2
LAE1517,238.0440208,19.1612067, point=cross 14 color=cyan width=2
LAE1524,237.9669750,19.1618522, point=cross 14 color=cyan width=2
LAE1525,238.0010667,19.1611486, point=cross 14 color=cyan width=2
LAE1526,237.7533583,19.1616700, point=cross 14 color=cyan width=2
LAE1527,237.9987083,19.1608761, point=cross 14 color=cyan width=2
LAE1528,237.8685333,19.1616869, point=cross 14 color=cyan width=2
LAE1530,237.9141833,19.1618367, point=cross 14 color=cyan width=2
LAE1532,238.1660042,19.1624317, point=cross 14 color=cyan width=2
LAE1533,237.9437708,19.1628917, point=cross 14 color=cyan width=2
LAE1534,238.1019667,19.1621583, point=cross 14 color=cyan width=2
LAE1535,237.9410833,19.1624486, point=cross 14 color=cyan width=2
LAE1536,237.9038958,19.1630353, point=cross 14 color=cyan width=2
LAE1537,237.9065958,19.1632186, point=cross 14 color=cyan width=2
LAE1538,237.7573500,19.1631322, point=cross 14 color=cyan width=2
LAE1539,237.8924458,19.1635519, point=cross 14 color=cyan width=2
LAE1540,237.8618625,19.1633883, point=cross 14 color=cyan width=2
LAE1541,238.0043708,19.1632603, point=cross 14 color=cyan width=2
LAE1543,237.8695042,19.1642800, point=cross 14 color=cyan width=2
LAE1544,237.7847458,19.1634422, point=cross 14 color=cyan width=2
LAE1548,237.7660708,19.1643469, point=cross 14 color=cyan width=2
LAE1549,237.8314333,19.1645472, point=cross 14 color=cyan width=2
LAE1550,237.8247125,19.1626697, point=cross 14 color=cyan width=2
LAE1551,238.0205583,19.1647197, point=cross 14 color=cyan width=2
LAE1553,237.7704667,19.1642044, point=cross 14 color=cyan width=2
LAE1554,237.9889708,19.1647789, point=cross 14 color=cyan width=2
LAE1560,238.0294167,19.1664053, point=cross 14 color=cyan width=2
LAE1561,237.9841875,19.1657342, point=cross 14 color=cyan width=2
LAE1565,238.0089125,19.1652208, point=cross 14 color=cyan width=2
LAE1566,237.9483625,19.1667450, point=cross 14 color=cyan width=2
LAE1567,238.0761292,19.1676844, point=cross 14 color=cyan width=2
LAE1568,238.0441625,19.1677478, point=cross 14 color=cyan width=2
LAE1569,238.0694542,19.1615933, point=cross 14 color=cyan width=2
LAE1571,238.1161000,19.1679550, point=cross 14 color=cyan width=2
LAE1576,237.9750208,19.1682961, point=cross 14 color=cyan width=2
LAE1577,237.9110333,19.1679428, point=cross 14 color=cyan width=2
LAE1583,238.0913625,19.1698389, point=cross 14 color=cyan width=2
LAE1587,237.9565333,19.1705558, point=cross 14 color=cyan width=2
LAE1588,237.9245792,19.1712572, point=cross 14 color=cyan width=2
LAE1589,237.8263167,19.1716181, point=cross 14 color=cyan width=2
LAE1591,237.9233125,19.1720858, point=cross 14 color=cyan width=2
LAE1592,237.8749500,19.1722417, point=cross 14 color=cyan width=2
LAE1593,237.8447833,19.1725100, point=cross 14 color=cyan width=2
LAE1595,238.0003875,19.1713733, point=cross 14 color=cyan width=2
LAE1596,237.9638750,19.1721133, point=cross 14 color=cyan width=2
LAE1597,238.0468167,19.1720736, point=cross 14 color=cyan width=2
LAE1600,238.1092167,19.1733936, point=cross 14 color=cyan width=2
LAE1601,237.7607000,19.1739597, point=cross 14 color=cyan width=2
LAE1603,237.8595875,19.1737219, point=cross 14 color=cyan width=2
LAE1609,238.0637750,19.1751253, point=cross 14 color=cyan width=2
LAE1610,238.0546750,19.1754050, point=cross 14 color=cyan width=2
LAE1612,238.0088750,19.1761289, point=cross 14 color=cyan width=2
LAE1616,237.9615292,19.1761369, point=cross 14 color=cyan width=2
LAE1617,237.9712625,19.1761819, point=cross 14 color=cyan width=2
LAE1618,237.9970917,19.1763644, point=cross 14 color=cyan width=2
LAE1619,238.0228750,19.1767883, point=cross 14 color=cyan width=2
LAE1623,237.9269958,19.1761350, point=cross 14 color=cyan width=2
LAE1627,237.8501292,19.1778733, point=cross 14 color=cyan width=2
LAE1629,237.9565375,19.1780692, point=cross 14 color=cyan width=2
LAE1631,237.7962167,19.1766953, point=cross 14 color=cyan width=2
LAE1633,237.9666917,19.1779878, point=cross 14 color=cyan width=2
LAE1635,237.7795542,19.1782853, point=cross 14 color=cyan width=2
LAE1636,237.9582208,19.1781694, point=cross 14 color=cyan width=2
LAE1637,238.0264625,19.1784222, point=cross 14 color=cyan width=2
LAE1638,238.0369083,19.1794253, point=cross 14 color=cyan width=2
LAE1639,237.7779833,19.1793747, point=cross 14 color=cyan width=2
LAE1642,238.0643375,19.1798464, point=cross 14 color=cyan width=2
LAE1643,238.0587542,19.1802411, point=cross 14 color=cyan width=2
LAE1644,237.9646208,19.1796367, point=cross 14 color=cyan width=2
LAE1645,238.0629208,19.1798031, point=cross 14 color=cyan width=2
LAE1646,238.0184875,19.1800106, point=cross 14 color=cyan width=2
LAE1651,238.0642750,19.1802222, point=cross 14 color=cyan width=2
LAE1652,237.9570667,19.1802669, point=cross 14 color=cyan width=2
LAE1653,238.0091292,19.1801022, point=cross 14 color=cyan width=2
LAE1656,238.0030750,19.1814231, point=cross 14 color=cyan width=2
LAE1660,237.9577125,19.1814661, point=cross 14 color=cyan width=2
LAE1661,238.1798042,19.1811825, point=cross 14 color=cyan width=2
LAE1662,237.7728542,19.1820814, point=cross 14 color=cyan width=2
LAE1664,237.9569792,19.1823022, point=cross 14 color=cyan width=2
LAE1666,237.9191708,19.1827550, point=cross 14 color=cyan width=2
LAE1668,237.9646542,19.1828158, point=cross 14 color=cyan width=2
LAE1669,238.1755958,19.1826653, point=cross 14 color=cyan width=2
LAE1674,237.7896750,19.1838214, point=cross 14 color=cyan width=2
LAE1675,237.9332500,19.1840114, point=cross 14 color=cyan width=2
LAE1677,238.0855958,19.1810581, point=cross 14 color=cyan width=2
LAE1678,237.9569458,19.1828492, point=cross 14 color=cyan width=2
LAE1679,237.9544792,19.1834264, point=cross 14 color=cyan width=2
LAE1680,237.9643917,19.1826375, point=cross 14 color=cyan width=2
LAE1681,237.9457417,19.1840842, point=cross 14 color=cyan width=2
LAE1684,237.8032000,19.1843958, point=cross 14 color=cyan width=2
LAE1687,237.9369125,19.1838483, point=cross 14 color=cyan width=2
LAE1688,237.8556292,19.1840097, point=cross 14 color=cyan width=2
LAE1690,237.9893583,19.1840736, point=cross 14 color=cyan width=2
LAE1691,237.9149833,19.1848067, point=cross 14 color=cyan width=2
LAE1693,237.9043875,19.1847003, point=cross 14 color=cyan width=2
LAE1695,238.1157792,19.1850708, point=cross 14 color=cyan width=2
LAE1696,237.9755833,19.1847344, point=cross 14 color=cyan width=2
LAE1699,238.1463458,19.1837378, point=cross 14 color=cyan width=2
LAE1700,237.9781208,19.1850808, point=cross 14 color=cyan width=2
LAE1701,237.9636042,19.1848828, point=cross 14 color=cyan width=2
LAE1702,237.8939792,19.1857400, point=cross 14 color=cyan width=2
LAE1703,238.1202917,19.1858244, point=cross 14 color=cyan width=2
LAE1704,237.9427833,19.1863950, point=cross 14 color=cyan width=2
LAE1706,237.9847750,19.1850286, point=cross 14 color=cyan width=2
LAE1707,237.7689458,19.1863458, point=cross 14 color=cyan width=2
LAE1709,237.8991042,19.1859778, point=cross 14 color=cyan width=2
LAE1710,237.9739625,19.1861031, point=cross 14 color=cyan width=2
LAE1712,237.9646750,19.1851772, point=cross 14 color=cyan width=2
LAE1713,237.9393000,19.1865092, point=cross 14 color=cyan width=2
LAE1715,238.1700000,19.1874264, point=cross 14 color=cyan width=2
LAE1716,238.0040958,19.1875731, point=cross 14 color=cyan width=2
LAE1717,238.1113917,19.1877589, point=cross 14 color=cyan width=2
LAE1719,238.1455250,19.1879467, point=cross 14 color=cyan width=2
LAE1721,237.8149250,19.1894025, point=cross 14 color=cyan width=2
LAE1726,237.9545167,19.1895422, point=cross 14 color=cyan width=2
LAE1727,237.7644958,19.1897500, point=cross 14 color=cyan width=2
LAE1732,237.9918375,19.1893386, point=cross 14 color=cyan width=2
LAE1735,237.9350250,19.1900739, point=cross 14 color=cyan width=2
LAE1736,237.8291750,19.1912897, point=cross 14 color=cyan width=2
LAE1740,238.1470042,19.1914208, point=cross 14 color=cyan width=2
LAE1741,237.8119625,19.1920678, point=cross 14 color=cyan width=2
LAE1742,238.1344250,19.1922950, point=cross 14 color=cyan width=2
LAE1743,238.0645792,19.1914958, point=cross 14 color=cyan width=2
LAE1744,237.8444125,19.1926178, point=cross 14 color=cyan width=2
LAE1751,237.7579000,19.1930692, point=cross 14 color=cyan width=2
LAE1752,238.0253500,19.1934650, point=cross 14 color=cyan width=2
LAE1756,237.7399917,19.1936172, point=cross 14 color=cyan width=2
LAE1757,237.9087500,19.1931794, point=cross 14 color=cyan width=2
LAE1758,237.9323292,19.1944797, point=cross 14 color=cyan width=2
LAE1759,237.8926417,19.1949633, point=cross 14 color=cyan width=2
LAE1760,238.0426875,19.1949464, point=cross 14 color=cyan width=2
LAE1761,237.9686375,19.1844775, point=cross 14 color=cyan width=2
LAE1762,238.0704500,19.1947125, point=cross 14 color=cyan width=2
LAE1763,237.9726792,19.1955014, point=cross 14 color=cyan width=2
LAE1767,237.9701833,19.1946675, point=cross 14 color=cyan width=2
LAE1768,237.9696708,19.1941197, point=cross 14 color=cyan width=2
LAE1774,238.0460667,19.1970117, point=cross 14 color=cyan width=2
LAE1775,238.0645750,19.1971756, point=cross 14 color=cyan width=2
LAE1779,237.9353125,19.1964597, point=cross 14 color=cyan width=2
LAE1782,237.7600292,19.1978331, point=cross 14 color=cyan width=2
LAE1783,238.1429042,19.1982158, point=cross 14 color=cyan width=2
LAE1784,237.9403458,19.1979744, point=cross 14 color=cyan width=2
LAE1786,238.1413417,19.1979592, point=cross 14 color=cyan width=2
LAE1787,237.9210667,19.1985047, point=cross 14 color=cyan width=2
LAE1789,237.8461125,19.1984869, point=cross 14 color=cyan width=2
LAE1790,237.8361333,19.1989600, point=cross 14 color=cyan width=2
LAE1791,237.9316292,19.1991869, point=cross 14 color=cyan width=2
LAE1795,238.0504542,19.1995372, point=cross 14 color=cyan width=2
LAE1802,238.1778833,19.1989394, point=cross 14 color=cyan width=2
LAE1803,237.9521333,19.2008303, point=cross 14 color=cyan width=2
LAE1804,237.9472667,19.2004833, point=cross 14 color=cyan width=2
LAE1805,238.1011375,19.2009350, point=cross 14 color=cyan width=2
LAE1808,237.7926250,19.2016431, point=cross 14 color=cyan width=2
LAE1809,237.7448125,19.1996006, point=cross 14 color=cyan width=2
LAE1813,237.8736417,19.2019864, point=cross 14 color=cyan width=2
LAE1818,238.0965458,19.2025606, point=cross 14 color=cyan width=2
LAE1822,237.8342542,19.2034244, point=cross 14 color=cyan width=2
LAE1824,238.0452792,19.2031347, point=cross 14 color=cyan width=2
LAE1834,237.7771208,19.2041975, point=cross 14 color=cyan width=2
LAE1836,238.0716583,19.2039461, point=cross 14 color=cyan width=2
LAE1845,238.0716417,19.2046147, point=cross 14 color=cyan width=2
LAE1846,237.9411625,19.2064003, point=cross 14 color=cyan width=2
LAE1850,237.7581125,19.2071806, point=cross 14 color=cyan width=2
LAE1851,237.9857333,19.2073344, point=cross 14 color=cyan width=2
LAE1853,237.7568833,19.2076369, point=cross 14 color=cyan width=2
LAE1854,238.0748500,19.2076342, point=cross 14 color=cyan width=2
LAE1855,237.8940667,19.2071131, point=cross 14 color=cyan width=2
LAE1861,238.1044208,19.2087889, point=cross 14 color=cyan width=2
LAE1862,237.9429958,19.2090639, point=cross 14 color=cyan width=2
LAE1863,238.0762417,19.2089472, point=cross 14 color=cyan width=2
LAE1864,238.1324542,19.2091600, point=cross 14 color=cyan width=2
LAE1865,237.8837833,19.2087939, point=cross 14 color=cyan width=2
LAE1866,237.8454542,19.2085744, point=cross 14 color=cyan width=2
LAE1871,238.0674125,19.2100961, point=cross 14 color=cyan width=2
LAE1872,237.9437125,19.2106542, point=cross 14 color=cyan width=2
LAE1876,237.9848333,19.2115914, point=cross 14 color=cyan width=2
LAE1878,238.1570625,19.2113136, point=cross 14 color=cyan width=2
LAE1882,237.8930792,19.2111117, point=cross 14 color=cyan width=2
LAE1883,237.9919583,19.2072736, point=cross 14 color=cyan width=2
LAE1889,237.9573667,19.2131783, point=cross 14 color=cyan width=2
LAE1890,238.0604875,19.2133578, point=cross 14 color=cyan width=2
LAE1892,238.0078417,19.2138069, point=cross 14 color=cyan width=2
LAE1897,237.8016500,19.2142961, point=cross 14 color=cyan width=2
LAE1898,238.0145125,19.2138539, point=cross 14 color=cyan width=2
LAE1901,237.8922917,19.2139825, point=cross 14 color=cyan width=2
LAE1902,238.0655875,19.2155683, point=cross 14 color=cyan width=2
LAE1904,238.0145042,19.2160583, point=cross 14 color=cyan width=2
LAE1905,238.0149417,19.2140144, point=cross 14 color=cyan width=2
LAE1906,237.9948417,19.2166794, point=cross 14 color=cyan width=2
LAE1907,237.8853875,19.2162442, point=cross 14 color=cyan width=2
LAE1908,237.7624458,19.2168103, point=cross 14 color=cyan width=2
LAE1910,238.1635792,19.2149944, point=cross 14 color=cyan width=2
LAE1911,238.1183292,19.2169378, point=cross 14 color=cyan width=2
LAE1914,237.9064583,19.2172814, point=cross 14 color=cyan width=2
LAE1916,238.0138500,19.2145289, point=cross 14 color=cyan width=2
LAE1917,237.9753750,19.2178086, point=cross 14 color=cyan width=2
LAE1918,238.0791333,19.2178428, point=cross 14 color=cyan width=2
LAE1922,237.8200292,19.2181425, point=cross 14 color=cyan width=2
LAE1923,237.9870000,19.2184214, point=cross 14 color=cyan width=2
LAE1924,238.1183333,19.2186803, point=cross 14 color=cyan width=2
LAE1925,238.1028708,19.2177694, point=cross 14 color=cyan width=2
LAE1926,238.0831333,19.2190050, point=cross 14 color=cyan width=2
LAE1931,237.8234042,19.2184983, point=cross 14 color=cyan width=2
LAE1933,237.8071292,19.2191853, point=cross 14 color=cyan width=2
LAE1936,237.9512833,19.2203656, point=cross 14 color=cyan width=2
LAE1937,237.8731000,19.2202369, point=cross 14 color=cyan width=2
LAE1938,237.9153958,19.2208053, point=cross 14 color=cyan width=2
LAE1940,238.0536583,19.2217575, point=cross 14 color=cyan width=2
LAE1943,238.0864583,19.2219344, point=cross 14 color=cyan width=2
LAE1944,237.9308625,19.2220828, point=cross 14 color=cyan width=2
LAE1945,238.1360167,19.2223306, point=cross 14 color=cyan width=2
LAE1946,237.9829500,19.2233469, point=cross 14 color=cyan width=2
LAE1948,237.9905583,19.2242986, point=cross 14 color=cyan width=2
LAE1953,237.9260125,19.2248489, point=cross 14 color=cyan width=2
LAE1954,237.8082042,19.2251039, point=cross 14 color=cyan width=2
LAE1957,237.9183458,19.2256519, point=cross 14 color=cyan width=2
LAE1958,237.8500667,19.2260047, point=cross 14 color=cyan width=2
LAE1959,238.0582583,19.2259264, point=cross 14 color=cyan width=2
LAE1961,237.9443375,19.2266064, point=cross 14 color=cyan width=2
LAE1963,237.9038250,19.2266858, point=cross 14 color=cyan width=2
LAE1970,237.9290500,19.2273903, point=cross 14 color=cyan width=2
LAE1977,237.7722875,19.2290717, point=cross 14 color=cyan width=2
LAE1978,237.9544250,19.2291397, point=cross 14 color=cyan width=2
LAE1979,238.0701708,19.2295389, point=cross 14 color=cyan width=2
LAE1980,237.8233000,19.2290747, point=cross 14 color=cyan width=2
LAE1981,237.9850958,19.2293728, point=cross 14 color=cyan width=2
LAE1982,238.0633208,19.2286917, point=cross 14 color=cyan width=2
LAE1991,238.1181250,19.2306989, point=cross 14 color=cyan width=2
LAE1994,238.1027750,19.2319269, point=cross 14 color=cyan width=2
LAE1995,237.7563583,19.2321708, point=cross 14 color=cyan width=2
LAE1997,238.0551208,19.2318339, point=cross 14 color=cyan width=2
LAE1998,237.8439625,19.2327419, point=cross 14 color=cyan width=2
LAE2000,237.9029083,19.2329572, point=cross 14 color=cyan width=2
LAE2002,237.7932167,19.2336225, point=cross 14 color=cyan width=2
LAE2008,237.8029625,19.2344581, point=cross 14 color=cyan width=2
LAE2009,237.7960333,19.2334625, point=cross 14 color=cyan width=2
LAE2012,237.7972875,19.2358256, point=cross 14 color=cyan width=2
LAE2013,238.1311583,19.2355633, point=cross 14 color=cyan width=2
LAE2014,237.7972958,19.2364636, point=cross 14 color=cyan width=2
LAE2015,238.1545458,19.2362842, point=cross 14 color=cyan width=2
LAE2016,237.8667667,19.2352675, point=cross 14 color=cyan width=2
LAE2017,237.7963458,19.2371261, point=cross 14 color=cyan width=2
LAE2021,237.8169792,19.2385994, point=cross 14 color=cyan width=2
LAE2022,237.9587750,19.2386144, point=cross 14 color=cyan width=2
LAE2023,238.1750000,19.2385256, point=cross 14 color=cyan width=2
LAE2030,238.0403333,19.2406719, point=cross 14 color=cyan width=2
LAE2036,237.9114917,19.2421361, point=cross 14 color=cyan width=2
LAE2037,237.9846417,19.2413122, point=cross 14 color=cyan width=2
LAE2043,237.8748000,19.2422917, point=cross 14 color=cyan width=2
LAE2044,237.7747375,19.2428525, point=cross 14 color=cyan width=2
LAE2045,238.1581542,19.2429106, point=cross 14 color=cyan width=2
LAE2046,237.9278167,19.2435425, point=cross 14 color=cyan width=2
LAE2051,237.9088167,19.2439392, point=cross 14 color=cyan width=2
LAE2052,237.9387333,19.2437547, point=cross 14 color=cyan width=2
LAE2055,238.1582042,19.2441636, point=cross 14 color=cyan width=2
LAE2058,238.1672083,19.2445711, point=cross 14 color=cyan width=2
LAE2060,238.0787458,19.2447144, point=cross 14 color=cyan width=2
LAE2062,238.1499083,19.2453358, point=cross 14 color=cyan width=2
LAE2063,238.1716000,19.2456186, point=cross 14 color=cyan width=2
LAE2064,238.0581208,19.2453189, point=cross 14 color=cyan width=2
LAE2067,237.8657417,19.2462736, point=cross 14 color=cyan width=2
LAE2068,238.0707125,19.2472256, point=cross 14 color=cyan width=2
LAE2070,237.7991917,19.2473603, point=cross 14 color=cyan width=2
LAE2071,237.8458500,19.2467642, point=cross 14 color=cyan width=2
LAE2072,237.8428042,19.2472861, point=cross 14 color=cyan width=2
LAE2073,238.1398417,19.2479089, point=cross 14 color=cyan width=2
LAE2074,238.0551125,19.2485300, point=cross 14 color=cyan width=2
LAE2077,237.9041667,19.2482742, point=cross 14 color=cyan width=2
LAE2078,238.1397000,19.2482158, point=cross 14 color=cyan width=2
LAE2079,237.9626708,19.2497244, point=cross 14 color=cyan width=2
LAE2081,238.1599542,19.2491017, point=cross 14 color=cyan width=2
LAE2087,238.0275292,19.2515325, point=cross 14 color=cyan width=2
LAE2088,238.1464667,19.2511467, point=cross 14 color=cyan width=2
LAE2092,238.0007042,19.2503683, point=cross 14 color=cyan width=2
LAE2095,237.8003792,19.2529356, point=cross 14 color=cyan width=2
LAE2097,237.8307667,19.2536633, point=cross 14 color=cyan width=2
LAE2100,237.7871833,19.2541297, point=cross 14 color=cyan width=2
LAE2108,238.1682917,19.2546425, point=cross 14 color=cyan width=2
LAE2116,238.1749917,19.2563294, point=cross 14 color=cyan width=2
LAE2118,237.8410167,19.2560714, point=cross 14 color=cyan width=2
LAE2119,237.8697750,19.2566258, point=cross 14 color=cyan width=2
LAE2120,238.0144917,19.2569697, point=cross 14 color=cyan width=2
LAE2124,237.8601208,19.2570172, point=cross 14 color=cyan width=2
LAE2125,238.0111125,19.2565006, point=cross 14 color=cyan width=2
LAE2133,238.0573417,19.2589183, point=cross 14 color=cyan width=2
LAE2137,237.9246500,19.2599322, point=cross 14 color=cyan width=2
LAE2141,238.0529542,19.2609611, point=cross 14 color=cyan width=2
LAE2142,237.7891250,19.2598572, point=cross 14 color=cyan width=2
LAE2143,237.9427208,19.2607758, point=cross 14 color=cyan width=2
LAE2145,238.0520667,19.2605053, point=cross 14 color=cyan width=2
LAE2146,237.9295833,19.2611725, point=cross 14 color=cyan width=2
LAE2148,237.7891792,19.2608583, point=cross 14 color=cyan width=2
LAE2149,238.1242083,19.2609361, point=cross 14 color=cyan width=2
LAE2153,237.9517333,19.2585258, point=cross 14 color=cyan width=2
LAE2160,237.7778042,19.2631781, point=cross 14 color=cyan width=2
LAE2162,238.1264708,19.2634608, point=cross 14 color=cyan width=2
LAE2164,237.7428042,19.2640794, point=cross 14 color=cyan width=2
LAE2169,238.0148167,19.2645844, point=cross 14 color=cyan width=2
LAE2171,237.9200792,19.2647636, point=cross 14 color=cyan width=2
LAE2173,237.7990000,19.2657164, point=cross 14 color=cyan width=2
LAE2177,237.9698875,19.2648478, point=cross 14 color=cyan width=2
LAE2183,237.7629458,19.2684839, point=cross 14 color=cyan width=2
LAE2185,238.0101083,19.2689747, point=cross 14 color=cyan width=2
LAE2191,238.0466000,19.2700858, point=cross 14 color=cyan width=2
LAE2192,238.0136125,19.2702044, point=cross 14 color=cyan width=2
LAE2194,237.7657083,19.2708439, point=cross 14 color=cyan width=2
LAE2195,237.8487125,19.2703975, point=cross 14 color=cyan width=2
LAE2197,238.1360792,19.2721586, point=cross 14 color=cyan width=2
LAE2198,237.8307958,19.2709831, point=cross 14 color=cyan width=2
LAE2200,237.8312792,19.2706606, point=cross 14 color=cyan width=2
LAE2201,237.7846167,19.2730519, point=cross 14 color=cyan width=2
LAE2202,238.1550792,19.2717544, point=cross 14 color=cyan width=2
LAE2204,238.1096833,19.2732844, point=cross 14 color=cyan width=2
LAE2205,238.1712917,19.2738825, point=cross 14 color=cyan width=2
LAE2206,237.9818500,19.2741244, point=cross 14 color=cyan width=2
LAE2207,238.0643417,19.2744761, point=cross 14 color=cyan width=2
LAE2212,238.1188750,19.2745644, point=cross 14 color=cyan width=2
LAE2213,238.1311417,19.2734886, point=cross 14 color=cyan width=2
LAE2218,238.1235083,19.2777481, point=cross 14 color=cyan width=2
LAE2219,237.7849875,19.2780789, point=cross 14 color=cyan width=2
LAE2222,237.7909667,19.2785433, point=cross 14 color=cyan width=2
LAE2223,237.8015958,19.2784958, point=cross 14 color=cyan width=2
LAE2224,238.1778958,19.2783064, point=cross 14 color=cyan width=2
LAE2225,237.8157708,19.2780697, point=cross 14 color=cyan width=2
LAE2226,237.9622167,19.2782942, point=cross 14 color=cyan width=2
LAE2229,237.8526750,19.2784103, point=cross 14 color=cyan width=2
LAE2230,238.1429125,19.2799922, point=cross 14 color=cyan width=2
LAE2233,237.8413917,19.2809283, point=cross 14 color=cyan width=2
LAE2239,238.1543458,19.2816069, point=cross 14 color=cyan width=2
LAE2241,237.9201333,19.2817969, point=cross 14 color=cyan width=2
LAE2243,237.7542750,19.2816611, point=cross 14 color=cyan width=2
LAE2245,238.0796000,19.2821969, point=cross 14 color=cyan width=2
LAE2246,237.7999625,19.2820767, point=cross 14 color=cyan width=2
LAE2249,237.7744708,19.2832786, point=cross 14 color=cyan width=2
LAE2256,238.1558875,19.2840536, point=cross 14 color=cyan width=2
LAE2257,237.8095375,19.2848322, point=cross 14 color=cyan width=2
LAE2259,238.1687375,19.2841700, point=cross 14 color=cyan width=2
LAE2260,237.7673542,19.2850617, point=cross 14 color=cyan width=2
LAE2261,238.1105125,19.2835828, point=cross 14 color=cyan width=2
LAE2266,238.0318250,19.2860078, point=cross 14 color=cyan width=2
LAE2270,237.8250875,19.2871297, point=cross 14 color=cyan width=2
LAE2272,237.9841125,19.2867131, point=cross 14 color=cyan width=2
LAE2273,237.7568417,19.2867308, point=cross 14 color=cyan width=2
LAE2276,238.1100667,19.2878594, point=cross 14 color=cyan width=2
LAE2281,237.7867750,19.2898089, point=cross 14 color=cyan width=2
LAE2283,237.7709458,19.2910586, point=cross 14 color=cyan width=2
LAE2289,238.0345167,19.2928894, point=cross 14 color=cyan width=2
LAE2294,237.9933500,19.2933747, point=cross 14 color=cyan width=2
LAE2295,237.8028833,19.2931578, point=cross 14 color=cyan width=2
LAE2296,238.1459333,19.2943814, point=cross 14 color=cyan width=2
LAE2303,238.0602042,19.2958947, point=cross 14 color=cyan width=2
LAE2305,237.7918000,19.2954853, point=cross 14 color=cyan width=2
LAE2307,237.8593458,19.2944892, point=cross 14 color=cyan width=2
LAE2308,237.8417417,19.2964481, point=cross 14 color=cyan width=2
LAE2309,238.0965583,19.2967219, point=cross 14 color=cyan width=2
LAE2310,237.8223833,19.2978356, point=cross 14 color=cyan width=2
LAE2312,237.7947792,19.2982633, point=cross 14 color=cyan width=2
LAE2313,238.1795833,19.2978497, point=cross 14 color=cyan width=2
LAE2316,238.1039000,19.2995506, point=cross 14 color=cyan width=2
LAE2319,237.7579417,19.2991008, point=cross 14 color=cyan width=2
LAE2323,237.7502917,19.3015683, point=cross 14 color=cyan width=2
LAE2325,237.7789292,19.3003631, point=cross 14 color=cyan width=2
LAE2330,237.7976042,19.3028000, point=cross 14 color=cyan width=2
LAE2332,237.8077500,19.3044800, point=cross 14 color=cyan width=2
LAE2333,237.8335333,19.3042097, point=cross 14 color=cyan width=2
LAE2334,237.8598958,19.3052506, point=cross 14 color=cyan width=2
LAE2338,238.1017875,19.3056514, point=cross 14 color=cyan width=2
LAE2341,237.8137458,19.3065292, point=cross 14 color=cyan width=2
LAE2344,238.1108917,19.3065808, point=cross 14 color=cyan width=2
LAE2345,238.0500458,19.3067058, point=cross 14 color=cyan width=2
LAE2351,238.1221708,19.3077958, point=cross 14 color=cyan width=2
LAE2352,238.0494833,19.3080511, point=cross 14 color=cyan width=2
LAE2353,238.1745042,19.3077517, point=cross 14 color=cyan width=2
LAE2358,238.0652417,19.3088561, point=cross 14 color=cyan width=2
LAE2359,237.8631708,19.3086597, point=cross 14 color=cyan width=2
LAE2361,238.0621958,19.3077303, point=cross 14 color=cyan width=2
LAE2363,238.1264750,19.3090072, point=cross 14 color=cyan width=2
LAE2364,237.9342458,19.3095264, point=cross 14 color=cyan width=2
LAE2365,238.1222875,19.3099506, point=cross 14 color=cyan width=2
LAE2366,238.0288625,19.3097647, point=cross 14 color=cyan width=2
LAE2367,237.7457500,19.3101519, point=cross 14 color=cyan width=2
LAE2369,238.1460708,19.3101247, point=cross 14 color=cyan width=2
LAE2370,238.1720667,19.3109714, point=cross 14 color=cyan width=2
LAE2371,237.8261875,19.3102461, point=cross 14 color=cyan width=2
LAE2372,238.1143917,19.3108694, point=cross 14 color=cyan width=2
LAE2375,237.8439375,19.3114242, point=cross 14 color=cyan width=2
LAE2378,237.7403792,19.3122511, point=cross 14 color=cyan width=2
LAE2379,238.0480833,19.3127192, point=cross 14 color=cyan width=2
LAE2387,238.1091708,19.3041611, point=cross 14 color=cyan width=2
LAE2388,238.0410083,19.3149114, point=cross 14 color=cyan width=2
LAE2390,238.1645750,19.3147456, point=cross 14 color=cyan width=2
LAE2392,237.7491792,19.3152867, point=cross 14 color=cyan width=2
LAE2393,238.1561042,19.3151000, point=cross 14 color=cyan width=2
LAE2398,237.7946875,19.3162847, point=cross 14 color=cyan width=2
LAE2399,237.7994542,19.3170064, point=cross 14 color=cyan width=2
LAE2400,237.7955500,19.3174731, point=cross 14 color=cyan width=2
LAE2401,237.8238375,19.3174975, point=cross 14 color=cyan width=2
LAE2406,237.7683417,19.3193900, point=cross 14 color=cyan width=2
LAE2410,238.0971208,19.3197939, point=cross 14 color=cyan width=2
LAE2412,238.1507500,19.3202728, point=cross 14 color=cyan width=2
LAE2415,238.1730833,19.3206261, point=cross 14 color=cyan width=2
LAE2416,237.7401542,19.3213561, point=cross 14 color=cyan width=2
LAE2417,237.8497292,19.3215069, point=cross 14 color=cyan width=2
LAE2418,238.1310375,19.3204169, point=cross 14 color=cyan width=2
LAE2424,237.9803292,19.3222942, point=cross 14 color=cyan width=2
LAE2425,237.8427958,19.3230044, point=cross 14 color=cyan width=2
LAE2426,237.7953917,19.3233589, point=cross 14 color=cyan width=2
LAE2427,237.9839000,19.3231639, point=cross 14 color=cyan width=2
LAE2428,237.8210375,19.3234778, point=cross 14 color=cyan width=2
LAE2435,237.8213208,19.3245342, point=cross 14 color=cyan width=2
LAE2441,237.9928833,19.3253767, point=cross 14 color=cyan width=2
LAE2443,237.9546458,19.3257147, point=cross 14 color=cyan width=2
LAE2445,237.8569458,19.3256856, point=cross 14 color=cyan width=2
LAE2446,238.1641292,19.3263256, point=cross 14 color=cyan width=2
LAE2450,237.8382458,19.3270103, point=cross 14 color=cyan width=2
LAE2451,238.1309375,19.3280761, point=cross 14 color=cyan width=2
LAE2453,237.8356583,19.3284667, point=cross 14 color=cyan width=2
LAE2457,237.7952708,19.3282181, point=cross 14 color=cyan width=2
LAE2458,237.7708125,19.3289222, point=cross 14 color=cyan width=2
LAE2460,237.7988458,19.3289069, point=cross 14 color=cyan width=2
LAE2461,237.9836917,19.3288608, point=cross 14 color=cyan width=2
LAE2464,238.0123958,19.3298697, point=cross 14 color=cyan width=2
LAE2465,237.9786417,19.3300439, point=cross 14 color=cyan width=2
LAE2466,237.9624500,19.3306400, point=cross 14 color=cyan width=2
LAE2467,238.0146542,19.3308961, point=cross 14 color=cyan width=2
LAE2468,238.1717875,19.3321000, point=cross 14 color=cyan width=2
LAE2471,238.0270667,19.3324914, point=cross 14 color=cyan width=2
LAE2472,238.0034625,19.3333214, point=cross 14 color=cyan width=2
LAE2474,238.0777917,19.3330322, point=cross 14 color=cyan width=2
LAE2477,237.8655292,19.3337667, point=cross 14 color=cyan width=2
LAE2483,238.1033917,19.3356467, point=cross 14 color=cyan width=2
LAE2484,237.9767625,19.3348769, point=cross 14 color=cyan width=2
LAE2491,237.9571792,19.3363428, point=cross 14 color=cyan width=2
LAE2493,237.7419042,19.3376025, point=cross 14 color=cyan width=2
LAE2494,238.0865667,19.3380522, point=cross 14 color=cyan width=2
LAE2495,238.0196750,19.3386008, point=cross 14 color=cyan width=2
LAE2499,237.9792917,19.3393369, point=cross 14 color=cyan width=2
LAE2502,237.9576750,19.3397058, point=cross 14 color=cyan width=2
LAE2503,237.8518667,19.3400717, point=cross 14 color=cyan width=2
LAE2505,237.9713125,19.3404597, point=cross 14 color=cyan width=2
LAE2507,237.7809000,19.3407994, point=cross 14 color=cyan width=2
LAE2510,237.7745958,19.3409983, point=cross 14 color=cyan width=2
LAE2511,238.0668125,19.3410547, point=cross 14 color=cyan width=2
LAE2519,237.8312125,19.3435572, point=cross 14 color=cyan width=2
LAE2520,237.9155250,19.3437675, point=cross 14 color=cyan width=2
LAE2524,237.7719083,19.3444444, point=cross 14 color=cyan width=2
LAE2526,238.1151333,19.3451286, point=cross 14 color=cyan width=2
LAE2527,238.1481583,19.3450117, point=cross 14 color=cyan width=2
LAE2529,237.9560333,19.3457972, point=cross 14 color=cyan width=2
LAE2533,238.1182542,19.3471964, point=cross 14 color=cyan width=2
LAE2537,238.0764667,19.3470400, point=cross 14 color=cyan width=2
LAE2539,238.1486500,19.3479578, point=cross 14 color=cyan width=2
LAE2540,237.7782667,19.3473867, point=cross 14 color=cyan width=2
LAE2541,237.7447125,19.3481875, point=cross 14 color=cyan width=2
LAE2542,238.0760500,19.3478381, point=cross 14 color=cyan width=2
LAE2543,237.9149208,19.3477847, point=cross 14 color=cyan width=2
LAE2544,237.7753458,19.3484803, point=cross 14 color=cyan width=2
LAE2545,238.0184208,19.3483500, point=cross 14 color=cyan width=2
LAE2548,237.7846583,19.3486689, point=cross 14 color=cyan width=2
LAE2550,237.7430875,19.3494747, point=cross 14 color=cyan width=2
LAE2551,237.7972875,19.3499761, point=cross 14 color=cyan width=2
LAE2552,237.8486375,19.3494447, point=cross 14 color=cyan width=2
LAE2563,237.9200708,19.3533742, point=cross 14 color=cyan width=2
LAE2566,237.7523792,19.3536761, point=cross 14 color=cyan width=2
LAE2568,237.8204417,19.3539717, point=cross 14 color=cyan width=2
LAE2570,238.0377167,19.3542031, point=cross 14 color=cyan width=2
LAE2571,238.1221417,19.3524078, point=cross 14 color=cyan width=2
LAE2572,238.1435667,19.3547203, point=cross 14 color=cyan width=2
LAE2577,237.8726250,19.3555414, point=cross 14 color=cyan width=2
LAE2580,237.8727208,19.3570661, point=cross 14 color=cyan width=2
LAE2582,238.1620792,19.3565322, point=cross 14 color=cyan width=2
LAE2588,237.7976458,19.3577103, point=cross 14 color=cyan width=2
LAE2594,237.8456917,19.3587400, point=cross 14 color=cyan width=2
LAE2595,237.7541250,19.3589022, point=cross 14 color=cyan width=2
LAE2597,238.1750125,19.3602003, point=cross 14 color=cyan width=2
LAE2608,238.0851167,19.3633017, point=cross 14 color=cyan width=2
LAE2609,238.1268792,19.3631206, point=cross 14 color=cyan width=2
LAE2611,238.0016333,19.3628764, point=cross 14 color=cyan width=2
LAE2616,237.9209250,19.3643956, point=cross 14 color=cyan width=2
LAE2617,237.8996583,19.3642014, point=cross 14 color=cyan width=2
LAE2618,238.0899167,19.3646344, point=cross 14 color=cyan width=2
LAE2619,237.9381500,19.3648639, point=cross 14 color=cyan width=2
LAE2625,238.0934667,19.3679317, point=cross 14 color=cyan width=2
LAE2631,237.9027375,19.3685489, point=cross 14 color=cyan width=2
LAE2632,238.0795167,19.3691536, point=cross 14 color=cyan width=2
LAE2634,237.7713000,19.3696619, point=cross 14 color=cyan width=2
LAE2635,237.9874208,19.3704867, point=cross 14 color=cyan width=2
LAE2637,238.1198625,19.3708086, point=cross 14 color=cyan width=2
LAE2640,237.9374750,19.3715139, point=cross 14 color=cyan width=2
LAE2641,238.0516125,19.3709381, point=cross 14 color=cyan width=2
LAE2644,237.8767167,19.3718722, point=cross 14 color=cyan width=2
LAE2645,237.7728000,19.3717286, point=cross 14 color=cyan width=2
LAE2647,237.8881625,19.3722383, point=cross 14 color=cyan width=2
LAE2650,238.0893000,19.3733289, point=cross 14 color=cyan width=2
LAE2653,237.7658833,19.3736725, point=cross 14 color=cyan width=2
LAE2654,238.1806708,19.3739311, point=cross 14 color=cyan width=2
LAE2655,237.7819958,19.3728761, point=cross 14 color=cyan width=2
LAE2661,238.1231417,19.3778875, point=cross 14 color=cyan width=2
LAE2665,237.9485625,19.3794931, point=cross 14 color=cyan width=2
LAE2667,237.7839333,19.3809886, point=cross 14 color=cyan width=2
LAE2669,238.1181042,19.3815231, point=cross 14 color=cyan width=2
LAE2672,237.8821083,19.3824364, point=cross 14 color=cyan width=2
LAE2673,237.8274167,19.3717156, point=cross 14 color=cyan width=2
LAE2676,238.0541958,19.3824678, point=cross 14 color=cyan width=2
LAE2677,237.8667250,19.3812772, point=cross 14 color=cyan width=2
LAE2680,238.1286417,19.3840522, point=cross 14 color=cyan width=2
LAE2681,237.7860917,19.3847194, point=cross 14 color=cyan width=2
LAE2685,237.8674375,19.3856161, point=cross 14 color=cyan width=2
LAE2687,238.1256792,19.3859697, point=cross 14 color=cyan width=2
LAE2690,237.8011042,19.3876647, point=cross 14 color=cyan width=2
LAE2695,237.8068833,19.3895683, point=cross 14 color=cyan width=2
LAE2696,237.8794083,19.3888883, point=cross 14 color=cyan width=2
LAE2698,238.0662208,19.3909464, point=cross 14 color=cyan width=2
LAE2699,237.9420833,19.3908039, point=cross 14 color=cyan width=2
LAE2707,238.0805167,19.3945167, point=cross 14 color=cyan width=2
LAE2710,237.9113708,19.3949825, point=cross 14 color=cyan width=2
LAE2717,238.0777292,19.3966639, point=cross 14 color=cyan width=2
LAE2719,237.7739583,19.3981447, point=cross 14 color=cyan width=2
LAE2722,238.0317375,19.3963572, point=cross 14 color=cyan width=2
LAE2725,237.8234958,19.3988669, point=cross 14 color=cyan width=2
LAE2726,237.9316292,19.3994989, point=cross 14 color=cyan width=2
LAE2727,237.8448500,19.3998528, point=cross 14 color=cyan width=2
LAE2730,238.1333542,19.4002544, point=cross 14 color=cyan width=2
LAE2731,237.9024833,19.4005353, point=cross 14 color=cyan width=2
LAE2732,237.9611375,19.4009439, point=cross 14 color=cyan width=2
LAE2734,237.9655500,19.4001403, point=cross 14 color=cyan width=2
LAE2736,237.9371375,19.4008464, point=cross 14 color=cyan width=2
SMGB,237.8241667,19.2995278,B
SMGC,238.1725000,19.2527778,C
SMGD,238.0941667,19.1888333,D
SMGE,238.0137500,19.2142500,E
SMGF,238.1104167,19.1713333,F
SMGG,237.9683333,19.1843889,G
SMGI,238.0141667,19.1670278,I
SMGJ,238.0537500,19.1878611,J
SMGK,237.9716667,19.1831944,K
SMGL,237.9741667,19.1860278,L
SMGM,237.7920833,19.2335556,M
SMGO,237.8329167,19.2920000,O
SMGP1,238.1741667,19.2407222,P1
SMGP2,238.1745833,19.2445000,P2
SMGQ,237.9562500,19.1780833,Q
