name,ra_deg,dec_deg,ra_hms,dec_dms,shape,pointsym,color,text,comments,attrs_raw,order_in_file
BX52,237.9553400,19.1524200,15:51:49.282,+19:09:08.712,circle,,blue,BX52,2.7359,color=blue  width=2 text={BX52} comment={2.7359},3
MD28,238.0009100,19.2051400,15:52:00.218,+19:12:18.504,circle,,darkgreen,MD28,2.5364 QSO,color=darkgreen  width=2 text={MD28} comment={2.5364 QSO},4
C8,237.9391100,19.1471800,15:51:45.386,+19:08:49.848,circle,,red,C8,2.9373,color=red  width=2 text={C8} comment={2.9373},5
C9,237.9446100,19.1978900,15:51:46.706,+19:11:52.404,circle,,blue,C9,2.9208,color=blue  width=2 text={C9} comment={2.9208},6
C17,237.9803300,19.2054200,15:51:55.279,+19:12:19.512,circle,,blue,C17,2.9361,color=blue  width=2 text={C17} comment={2.9361},7
C22,238.0159900,19.1620000,15:52:03.838,+19:09:43.200,circle,,red,C22,2.9622,color=red  width=2 text={C22} comment={2.9622},8
D7,237.9427000,19.1639200,15:51:46.248,+19:09:50.112,circle,,red,D7,2.9362,color=red  width=2 text={D7} comment={2.9362},9
D12,237.9592200,19.1377300,15:51:50.213,+19:08:15.828,circle,,blue,D12,2.7339,color=blue  width=2 text={D12} comment={2.7339},10
LAE979,237.7985250,19.0269717,15:51:11.646,+19:01:37.098,point,cross,cyan,'LAE979',,point=cross 14 color=cyan width=2 text={'LAE979'},11
LAE984,238.0903750,19.0287200,15:52:21.690,+19:01:43.392,point,cross,cyan,'LAE984',,point=cross 14 color=cyan width=2 text={'LAE984'},12
LAE987,237.8652917,19.0297669,15:51:27.670,+19:01:47.161,point,cross,cyan,'LAE987',,point=cross 14 color=cyan width=2 text={'LAE987'},13
LAE995,237.8828167,19.0303417,15:51:31.876,+19:01:49.230,point,cross,cyan,'LAE995',,point=cross 14 color=cyan width=2 text={'LAE995'},14
LAE997,238.0475792,19.0322442,15:52:11.419,+19:01:56.079,point,cross,cyan,'LAE997',,point=cross 14 color=cyan width=2 text={'LAE997'},15
LAE999,238.0023875,19.0332103,15:52:00.573,+19:01:59.557,point,cross,cyan,'LAE999',,point=cross 14 color=cyan width=2 text={'LAE999'},16
LAE1001,237.8011000,19.0335769,15:51:12.264,+19:02:00.877,point,cross,cyan,'LAE1001',,point=cross 14 color=cyan width=2 text={'LAE1001'},17
LAE1003,237.7904125,19.0343828,15:51:09.699,+19:02:03.778,point,cross,cyan,'LAE1003',,point=cross 14 color=cyan width=2 text={'LAE1003'},18
LAE1004,238.0916750,19.0345225,15:52:22.002,+19:02:04.281,point,cross,cyan,'LAE1004',,point=cross 14 color=cyan width=2 text={'LAE1004'},19
LAE1006,237.9578250,19.0373208,15:51:49.878,+19:02:14.355,point,cross,cyan,'LAE1006',,point=cross 14 color=cyan width=2 text={'LAE1006'},20
LAE1010,237.8116792,19.0389725,15:51:14.803,+19:02:20.301,point,cross,cyan,'LAE1010',,point=cross 14 color=cyan width=2 text={'LAE1010'},21
LAE1013,238.0820583,19.0388303,15:52:19.694,+19:02:19.789,point,cross,cyan,'LAE1013',,point=cross 14 color=cyan width=2 text={'LAE1013'},22
LAE1015,238.0898917,19.0398256,15:52:21.574,+19:02:23.372,point,cross,cyan,'LAE1015',,point=cross 14 color=cyan width=2 text={'LAE1015'},23
LAE1022,237.7987083,19.0412336,15:51:11.690,+19:02:28.441,point,cross,cyan,'LAE1022',,point=cross 14 color=cyan width=2 text={'LAE1022'},24
LAE1028,237.9131167,19.0419289,15:51:39.148,+19:02:30.944,point,cross,cyan,'LAE1028',,point=cross 14 color=cyan width=2 text={'LAE1028'},25
LAE1034,237.8624292,19.0432903,15:51:26.983,+19:02:35.845,point,cross,cyan,'LAE1034',,point=cross 14 color=cyan width=2 text={'LAE1034'},26
LAE1039,238.1131625,19.0434286,15:52:27.159,+19:02:36.343,point,cross,cyan,'LAE1039',,point=cross 14 color=cyan width=2 text={'LAE1039'},27
LAE1041,237.8136333,19.0431369,15:51:15.272,+19:02:35.293,point,cross,cyan,'LAE1041',,point=cross 14 color=cyan width=2 text={'LAE1041'},28
LAE1045,238.0091750,19.0434928,15:52:02.202,+19:02:36.574,point,cross,cyan,'LAE1045',,point=cross 14 color=cyan width=2 text={'LAE1045'},29
LAE1051,237.8618917,19.0476431,15:51:26.854,+19:02:51.515,point,cross,cyan,'LAE1051',,point=cross 14 color=cyan width=2 text={'LAE1051'},30
LAE1054,237.9224250,19.0496022,15:51:41.382,+19:02:58.568,point,cross,cyan,'LAE1054',,point=cross 14 color=cyan width=2 text={'LAE1054'},31
LAE1063,237.9771417,19.0539353,15:51:54.514,+19:03:14.167,point,cross,cyan,'LAE1063',,point=cross 14 color=cyan width=2 text={'LAE1063'},32
LAE1069,237.7956500,19.0568439,15:51:10.956,+19:03:24.638,point,cross,cyan,'LAE1069',,point=cross 14 color=cyan width=2 text={'LAE1069'},33
LAE1070,237.8822750,19.0574403,15:51:31.746,+19:03:26.785,point,cross,cyan,'LAE1070',,point=cross 14 color=cyan width=2 text={'LAE1070'},34
LAE1071,237.9603708,19.0578678,15:51:50.489,+19:03:28.324,point,cross,cyan,'LAE1071',,point=cross 14 color=cyan width=2 text={'LAE1071'},35
LAE1078,238.0504500,19.0589642,15:52:12.108,+19:03:32.271,point,cross,cyan,'LAE1078',,point=cross 14 color=cyan width=2 text={'LAE1078'},36
LAE1085,237.8159583,19.0617467,15:51:15.830,+19:03:42.288,point,cross,cyan,'LAE1085',,point=cross 14 color=cyan width=2 text={'LAE1085'},37
LAE1088,237.8112792,19.0626881,15:51:14.707,+19:03:45.677,point,cross,cyan,'LAE1088',,point=cross 14 color=cyan width=2 text={'LAE1088'},38
LAE1090,238.0347458,19.0633978,15:52:08.339,+19:03:48.232,point,cross,cyan,'LAE1090',,point=cross 14 color=cyan width=2 text={'LAE1090'},39
LAE1093,237.9056333,19.0636875,15:51:37.352,+19:03:49.275,point,cross,cyan,'LAE1093',,point=cross 14 color=cyan width=2 text={'LAE1093'},40
LAE1095,237.8060375,19.0648358,15:51:13.449,+19:03:53.409,point,cross,cyan,'LAE1095',,point=cross 14 color=cyan width=2 text={'LAE1095'},41
LAE1096,237.9013542,19.0655806,15:51:36.325,+19:03:56.090,point,cross,cyan,'LAE1096',,point=cross 14 color=cyan width=2 text={'LAE1096'},42
LAE1100,237.9896208,19.0669856,15:51:57.509,+19:04:01.148,point,cross,cyan,'LAE1100',,point=cross 14 color=cyan width=2 text={'LAE1100'},43
LAE1102,237.8382375,19.0667939,15:51:21.177,+19:04:00.458,point,cross,cyan,'LAE1102',,point=cross 14 color=cyan width=2 text={'LAE1102'},44
LAE1104,237.8430333,19.0678044,15:51:22.328,+19:04:04.096,point,cross,cyan,'LAE1104',,point=cross 14 color=cyan width=2 text={'LAE1104'},45
LAE1108,238.0604792,19.0687067,15:52:14.515,+19:04:07.344,point,cross,cyan,'LAE1108',,point=cross 14 color=cyan width=2 text={'LAE1108'},46
LAE1109,237.8167958,19.0678772,15:51:16.031,+19:04:04.358,point,cross,cyan,'LAE1109',,point=cross 14 color=cyan width=2 text={'LAE1109'},47
LAE1114,237.8227208,19.0704886,15:51:17.453,+19:04:13.759,point,cross,cyan,'LAE1114',,point=cross 14 color=cyan width=2 text={'LAE1114'},48
LAE1117,237.9033750,19.0694900,15:51:36.810,+19:04:10.164,point,cross,cyan,'LAE1117',,point=cross 14 color=cyan width=2 text={'LAE1117'},49
LAE1118,237.9651125,19.0711164,15:51:51.627,+19:04:16.019,point,cross,cyan,'LAE1118',,point=cross 14 color=cyan width=2 text={'LAE1118'},50
LAE1125,238.0379417,19.0722922,15:52:09.106,+19:04:20.252,point,cross,cyan,'LAE1125',,point=cross 14 color=cyan width=2 text={'LAE1125'},51
LAE1126,237.9845750,19.0741669,15:51:56.298,+19:04:27.001,point,cross,cyan,'LAE1126',,point=cross 14 color=cyan width=2 text={'LAE1126'},52
LAE1130,237.9720375,19.0751819,15:51:53.289,+19:04:30.655,point,cross,cyan,'LAE1130',,point=cross 14 color=cyan width=2 text={'LAE1130'},53
LAE1136,237.8179167,19.0754894,15:51:16.300,+19:04:31.762,point,cross,cyan,'LAE1136',,point=cross 14 color=cyan width=2 text={'LAE1136'},54
LAE1138,238.0759333,19.0762428,15:52:18.224,+19:04:34.474,point,cross,cyan,'LAE1138',,point=cross 14 color=cyan width=2 text={'LAE1138'},55
LAE1141,238.0499708,19.0764839,15:52:11.993,+19:04:35.342,point,cross,cyan,'LAE1141',,point=cross 14 color=cyan width=2 text={'LAE1141'},56
LAE1142,237.8299750,19.0766269,15:51:19.194,+19:04:35.857,point,cross,cyan,'LAE1142',,point=cross 14 color=cyan width=2 text={'LAE1142'},57
LAE1152,238.0459958,19.0806289,15:52:11.039,+19:04:50.264,point,cross,cyan,'LAE1152',,point=cross 14 color=cyan width=2 text={'LAE1152'},58
LAE1155,237.8957250,19.0807944,15:51:34.974,+19:04:50.860,point,cross,cyan,'LAE1155',,point=cross 14 color=cyan width=2 text={'LAE1155'},59
LAE1160,237.7880083,19.0837650,15:51:09.122,+19:05:01.554,point,cross,cyan,'LAE1160',,point=cross 14 color=cyan width=2 text={'LAE1160'},60
LAE1167,237.9587000,19.0851153,15:51:50.088,+19:05:06.415,point,cross,cyan,'LAE1167',,point=cross 14 color=cyan width=2 text={'LAE1167'},61
LAE1172,238.1018875,19.0875758,15:52:24.453,+19:05:15.273,point,cross,cyan,'LAE1172',,point=cross 14 color=cyan width=2 text={'LAE1172'},62
LAE1181,237.8344625,19.0896308,15:51:20.271,+19:05:22.671,point,cross,cyan,'LAE1181',,point=cross 14 color=cyan width=2 text={'LAE1181'},63
LAE1185,238.1240000,19.0903453,15:52:29.760,+19:05:25.243,point,cross,cyan,'LAE1185',,point=cross 14 color=cyan width=2 text={'LAE1185'},64
LAE1189,238.1316167,19.0917033,15:52:31.588,+19:05:30.132,point,cross,cyan,'LAE1189',,point=cross 14 color=cyan width=2 text={'LAE1189'},65
LAE1203,237.8117208,19.0942019,15:51:14.813,+19:05:39.127,point,cross,cyan,'LAE1203',,point=cross 14 color=cyan width=2 text={'LAE1203'},66
LAE1205,238.0026625,19.0947383,15:52:00.639,+19:05:41.058,point,cross,cyan,'LAE1205',,point=cross 14 color=cyan width=2 text={'LAE1205'},67
LAE1207,238.1226417,19.0944417,15:52:29.434,+19:05:39.990,point,cross,cyan,'LAE1207',,point=cross 14 color=cyan width=2 text={'LAE1207'},68
LAE1208,237.8221542,19.0947106,15:51:17.317,+19:05:40.958,point,cross,cyan,'LAE1208',,point=cross 14 color=cyan width=2 text={'LAE1208'},69
LAE1209,237.8791917,19.0955042,15:51:31.006,+19:05:43.815,point,cross,cyan,'LAE1209',,point=cross 14 color=cyan width=2 text={'LAE1209'},70
LAE1211,237.8228417,19.0963406,15:51:17.482,+19:05:46.826,point,cross,cyan,'LAE1211',,point=cross 14 color=cyan width=2 text={'LAE1211'},71
LAE1212,237.9642875,19.0954889,15:51:51.429,+19:05:43.760,point,cross,cyan,'LAE1212',,point=cross 14 color=cyan width=2 text={'LAE1212'},72
LAE1213,238.0697625,19.0962753,15:52:16.743,+19:05:46.591,point,cross,cyan,'LAE1213',,point=cross 14 color=cyan width=2 text={'LAE1213'},73
LAE1215,237.8975500,19.0970758,15:51:35.412,+19:05:49.473,point,cross,cyan,'LAE1215',,point=cross 14 color=cyan width=2 text={'LAE1215'},74
LAE1216,238.0168500,19.0975558,15:52:04.044,+19:05:51.201,point,cross,cyan,'LAE1216',,point=cross 14 color=cyan width=2 text={'LAE1216'},75
LAE1220,237.8488167,19.0986258,15:51:23.716,+19:05:55.053,point,cross,cyan,'LAE1220',,point=cross 14 color=cyan width=2 text={'LAE1220'},76
LAE1221,237.9897292,19.0976044,15:51:57.535,+19:05:51.376,point,cross,cyan,'LAE1221',,point=cross 14 color=cyan width=2 text={'LAE1221'},77
LAE1222,237.9978375,19.0992142,15:51:59.481,+19:05:57.171,point,cross,cyan,'LAE1222',,point=cross 14 color=cyan width=2 text={'LAE1222'},78
LAE1223,237.9643292,19.0993978,15:51:51.439,+19:05:57.832,point,cross,cyan,'LAE1223',,point=cross 14 color=cyan width=2 text={'LAE1223'},79
LAE1224,238.1147750,19.0986825,15:52:27.546,+19:05:55.257,point,cross,cyan,'LAE1224',,point=cross 14 color=cyan width=2 text={'LAE1224'},80
LAE1227,238.0616375,19.0996206,15:52:14.793,+19:05:58.634,point,cross,cyan,'LAE1227',,point=cross 14 color=cyan width=2 text={'LAE1227'},81
LAE1228,238.1144917,19.0980817,15:52:27.478,+19:05:53.094,point,cross,cyan,'LAE1228',,point=cross 14 color=cyan width=2 text={'LAE1228'},82
LAE1229,238.0046208,19.0999939,15:52:01.109,+19:05:59.978,point,cross,cyan,'LAE1229',,point=cross 14 color=cyan width=2 text={'LAE1229'},83
LAE1233,237.9099458,19.1006464,15:51:38.387,+19:06:02.327,point,cross,cyan,'LAE1233',,point=cross 14 color=cyan width=2 text={'LAE1233'},84
LAE1237,237.9835583,19.1014650,15:51:56.054,+19:06:05.274,point,cross,cyan,'LAE1237',,point=cross 14 color=cyan width=2 text={'LAE1237'},85
LAE1241,237.8000833,19.1025192,15:51:12.020,+19:06:09.069,point,cross,cyan,'LAE1241',,point=cross 14 color=cyan width=2 text={'LAE1241'},86
LAE1243,237.9235917,19.1027811,15:51:41.662,+19:06:10.012,point,cross,cyan,'LAE1243',,point=cross 14 color=cyan width=2 text={'LAE1243'},87
LAE1245,237.8431792,19.1032606,15:51:22.363,+19:06:11.738,point,cross,cyan,'LAE1245',,point=cross 14 color=cyan width=2 text={'LAE1245'},88
LAE1246,237.9098708,19.1042108,15:51:38.369,+19:06:15.159,point,cross,cyan,'LAE1246',,point=cross 14 color=cyan width=2 text={'LAE1246'},89
LAE1247,237.9738583,19.1034542,15:51:53.726,+19:06:12.435,point,cross,cyan,'LAE1247',,point=cross 14 color=cyan width=2 text={'LAE1247'},90
LAE1252,237.9833583,19.1027389,15:51:56.006,+19:06:09.860,point,cross,cyan,'LAE1252',,point=cross 14 color=cyan width=2 text={'LAE1252'},91
LAE1253,237.9875958,19.1049847,15:51:57.023,+19:06:17.945,point,cross,cyan,'LAE1253',,point=cross 14 color=cyan width=2 text={'LAE1253'},92
LAE1260,238.0185208,19.1067800,15:52:04.445,+19:06:24.408,point,cross,cyan,'LAE1260',,point=cross 14 color=cyan width=2 text={'LAE1260'},93
LAE1263,238.0438917,19.1076769,15:52:10.534,+19:06:27.637,point,cross,cyan,'LAE1263',,point=cross 14 color=cyan width=2 text={'LAE1263'},94
LAE1266,237.8169750,19.1082892,15:51:16.074,+19:06:29.841,point,cross,cyan,'LAE1266',,point=cross 14 color=cyan width=2 text={'LAE1266'},95
LAE1267,237.7836167,19.1079472,15:51:08.068,+19:06:28.610,point,cross,cyan,'LAE1267',,point=cross 14 color=cyan width=2 text={'LAE1267'},96
LAE1281,238.0273208,19.1112831,15:52:06.557,+19:06:40.619,point,cross,cyan,'LAE1281',,point=cross 14 color=cyan width=2 text={'LAE1281'},97
LAE1282,237.8950250,19.1117903,15:51:34.806,+19:06:42.445,point,cross,cyan,'LAE1282',,point=cross 14 color=cyan width=2 text={'LAE1282'},98
LAE1288,237.9296375,19.1130831,15:51:43.113,+19:06:47.099,point,cross,cyan,'LAE1288',,point=cross 14 color=cyan width=2 text={'LAE1288'},99
LAE1291,237.8017042,19.1138919,15:51:12.409,+19:06:50.011,point,cross,cyan,'LAE1291',,point=cross 14 color=cyan width=2 text={'LAE1291'},100
LAE1292,237.8797125,19.1141133,15:51:31.131,+19:06:50.808,point,cross,cyan,'LAE1292',,point=cross 14 color=cyan width=2 text={'LAE1292'},101
LAE1294,237.8375083,19.1150675,15:51:21.002,+19:06:54.243,point,cross,cyan,'LAE1294',,point=cross 14 color=cyan width=2 text={'LAE1294'},102
LAE1296,237.9375917,19.1159336,15:51:45.022,+19:06:57.361,point,cross,cyan,'LAE1296',,point=cross 14 color=cyan width=2 text={'LAE1296'},103
LAE1299,237.9743750,19.1158092,15:51:53.850,+19:06:56.913,point,cross,cyan,'LAE1299',,point=cross 14 color=cyan width=2 text={'LAE1299'},104
LAE1301,238.0540375,19.1165072,15:52:12.969,+19:06:59.426,point,cross,cyan,'LAE1301',,point=cross 14 color=cyan width=2 text={'LAE1301'},105
LAE1302,237.8914958,19.1165192,15:51:33.959,+19:06:59.469,point,cross,cyan,'LAE1302',,point=cross 14 color=cyan width=2 text={'LAE1302'},106
LAE1308,237.9330000,19.1178914,15:51:43.920,+19:07:04.409,point,cross,cyan,'LAE1308',,point=cross 14 color=cyan width=2 text={'LAE1308'},107
LAE1309,237.9483333,19.1177153,15:51:47.600,+19:07:03.775,point,cross,cyan,'LAE1309',,point=cross 14 color=cyan width=2 text={'LAE1309'},108
LAE1318,237.7873250,19.1194183,15:51:08.958,+19:07:09.906,point,cross,cyan,'LAE1318',,point=cross 14 color=cyan width=2 text={'LAE1318'},109
LAE1327,237.9541292,19.1208175,15:51:48.991,+19:07:14.943,point,cross,cyan,'LAE1327',,point=cross 14 color=cyan width=2 text={'LAE1327'},110
LAE1329,237.7874167,19.1209197,15:51:08.980,+19:07:15.311,point,cross,cyan,'LAE1329',,point=cross 14 color=cyan width=2 text={'LAE1329'},111
LAE1331,237.9665875,19.1229619,15:51:51.981,+19:07:22.663,point,cross,cyan,'LAE1331',,point=cross 14 color=cyan width=2 text={'LAE1331'},112
LAE1332,238.0103792,19.1234247,15:52:02.491,+19:07:24.329,point,cross,cyan,'LAE1332',,point=cross 14 color=cyan width=2 text={'LAE1332'},113
LAE1335,237.9486208,19.1235297,15:51:47.669,+19:07:24.707,point,cross,cyan,'LAE1335',,point=cross 14 color=cyan width=2 text={'LAE1335'},114
LAE1339,237.9588083,19.1253647,15:51:50.114,+19:07:31.313,point,cross,cyan,'LAE1339',,point=cross 14 color=cyan width=2 text={'LAE1339'},115
LAE1340,237.9689042,19.1246550,15:51:52.537,+19:07:28.758,point,cross,cyan,'LAE1340',,point=cross 14 color=cyan width=2 text={'LAE1340'},116
LAE1342,237.9422083,19.1255325,15:51:46.130,+19:07:31.917,point,cross,cyan,'LAE1342',,point=cross 14 color=cyan width=2 text={'LAE1342'},117
LAE1345,238.1093958,19.1266897,15:52:26.255,+19:07:36.083,point,cross,cyan,'LAE1345',,point=cross 14 color=cyan width=2 text={'LAE1345'},118
LAE1349,237.9693750,19.1268047,15:51:52.650,+19:07:36.497,point,cross,cyan,'LAE1349',,point=cross 14 color=cyan width=2 text={'LAE1349'},119
LAE1353,237.8794625,19.1279578,15:51:31.071,+19:07:40.648,point,cross,cyan,'LAE1353',,point=cross 14 color=cyan width=2 text={'LAE1353'},120
LAE1358,237.8753500,19.1286939,15:51:30.084,+19:07:43.298,point,cross,cyan,'LAE1358',,point=cross 14 color=cyan width=2 text={'LAE1358'},121
LAE1359,238.1215875,19.1283950,15:52:29.181,+19:07:42.222,point,cross,cyan,'LAE1359',,point=cross 14 color=cyan width=2 text={'LAE1359'},122
LAE1367,237.9712792,19.1295622,15:51:53.107,+19:07:46.424,point,cross,cyan,'LAE1367',,point=cross 14 color=cyan width=2 text={'LAE1367'},123
LAE1369,237.9726333,19.1293428,15:51:53.432,+19:07:45.634,point,cross,cyan,'LAE1369',,point=cross 14 color=cyan width=2 text={'LAE1369'},124
LAE1372,238.0782208,19.1297025,15:52:18.773,+19:07:46.929,point,cross,cyan,'LAE1372',,point=cross 14 color=cyan width=2 text={'LAE1372'},125
LAE1376,238.0537375,19.1322417,15:52:12.897,+19:07:56.070,point,cross,cyan,'LAE1376',,point=cross 14 color=cyan width=2 text={'LAE1376'},126
LAE1388,237.9329958,19.1336261,15:51:43.919,+19:08:01.054,point,cross,cyan,'LAE1388',,point=cross 14 color=cyan width=2 text={'LAE1388'},127
LAE1389,238.0504167,19.1344417,15:52:12.100,+19:08:03.990,point,cross,cyan,'LAE1389',,point=cross 14 color=cyan width=2 text={'LAE1389'},128
LAE1390,238.0596208,19.1343864,15:52:14.309,+19:08:03.791,point,cross,cyan,'LAE1390',,point=cross 14 color=cyan width=2 text={'LAE1390'},129
LAE1393,237.8915000,19.1367828,15:51:33.960,+19:08:12.418,point,cross,cyan,'LAE1393',,point=cross 14 color=cyan width=2 text={'LAE1393'},130
LAE1397,238.1296125,19.1381761,15:52:31.107,+19:08:17.434,point,cross,cyan,'LAE1397',,point=cross 14 color=cyan width=2 text={'LAE1397'},131
LAE1400,237.9862250,19.1381300,15:51:56.694,+19:08:17.268,point,cross,cyan,'LAE1400',,point=cross 14 color=cyan width=2 text={'LAE1400'},132
LAE1406,237.9413792,19.1394869,15:51:45.931,+19:08:22.153,point,cross,cyan,'LAE1406',,point=cross 14 color=cyan width=2 text={'LAE1406'},133
LAE1408,237.8593500,19.1403636,15:51:26.244,+19:08:25.309,point,cross,cyan,'LAE1408',,point=cross 14 color=cyan width=2 text={'LAE1408'},134
LAE1409,237.8519917,19.1400781,15:51:24.478,+19:08:24.281,point,cross,cyan,'LAE1409',,point=cross 14 color=cyan width=2 text={'LAE1409'},135
LAE1411,237.8885917,19.1402200,15:51:33.262,+19:08:24.792,point,cross,cyan,'LAE1411',,point=cross 14 color=cyan width=2 text={'LAE1411'},136
LAE1413,238.0638375,19.1405367,15:52:15.321,+19:08:25.932,point,cross,cyan,'LAE1413',,point=cross 14 color=cyan width=2 text={'LAE1413'},137
LAE1418,237.9506542,19.1416914,15:51:48.157,+19:08:30.089,point,cross,cyan,'LAE1418',,point=cross 14 color=cyan width=2 text={'LAE1418'},138
LAE1419,238.0700625,19.1426133,15:52:16.815,+19:08:33.408,point,cross,cyan,'LAE1419',,point=cross 14 color=cyan width=2 text={'LAE1419'},139
LAE1420,238.0911500,19.1435933,15:52:21.876,+19:08:36.936,point,cross,cyan,'LAE1420',,point=cross 14 color=cyan width=2 text={'LAE1420'},140
LAE1422,238.0915125,19.1434439,15:52:21.963,+19:08:36.398,point,cross,cyan,'LAE1422',,point=cross 14 color=cyan width=2 text={'LAE1422'},141
LAE1425,237.8268333,19.1442947,15:51:18.440,+19:08:39.461,point,cross,cyan,'LAE1425',,point=cross 14 color=cyan width=2 text={'LAE1425'},142
LAE1426,238.0607083,19.1403914,15:52:14.570,+19:08:25.409,point,cross,cyan,'LAE1426',,point=cross 14 color=cyan width=2 text={'LAE1426'},143
LAE1427,237.8278750,19.1439914,15:51:18.690,+19:08:38.369,point,cross,cyan,'LAE1427',,point=cross 14 color=cyan width=2 text={'LAE1427'},144
LAE1428,237.9617333,19.1440642,15:51:50.816,+19:08:38.631,point,cross,cyan,'LAE1428',,point=cross 14 color=cyan width=2 text={'LAE1428'},145
LAE1431,237.8318375,19.1458764,15:51:19.641,+19:08:45.155,point,cross,cyan,'LAE1431',,point=cross 14 color=cyan width=2 text={'LAE1431'},146
LAE1434,237.9553667,19.1456386,15:51:49.288,+19:08:44.299,point,cross,cyan,'LAE1434',,point=cross 14 color=cyan width=2 text={'LAE1434'},147
LAE1436,237.9890667,19.1469222,15:51:57.376,+19:08:48.920,point,cross,cyan,'LAE1436',,point=cross 14 color=cyan width=2 text={'LAE1436'},148
LAE1439,237.9920042,19.1469881,15:51:58.081,+19:08:49.157,point,cross,cyan,'LAE1439',,point=cross 14 color=cyan width=2 text={'LAE1439'},149
LAE1441,238.0042708,19.1473167,15:52:01.025,+19:08:50.340,point,cross,cyan,'LAE1441',,point=cross 14 color=cyan width=2 text={'LAE1441'},150
LAE1449,237.9894542,19.1493125,15:51:57.469,+19:08:57.525,point,cross,cyan,'LAE1449',,point=cross 14 color=cyan width=2 text={'LAE1449'},151
LAE1451,238.0120000,19.1496892,15:52:02.880,+19:08:58.881,point,cross,cyan,'LAE1451',,point=cross 14 color=cyan width=2 text={'LAE1451'},152
LAE1453,237.9392542,19.1499275,15:51:45.421,+19:08:59.739,point,cross,cyan,'LAE1453',,point=cross 14 color=cyan width=2 text={'LAE1453'},153
LAE1460,238.1138417,19.1503675,15:52:27.322,+19:09:01.323,point,cross,cyan,'LAE1460',,point=cross 14 color=cyan width=2 text={'LAE1460'},154
LAE1461,237.9102917,19.1511250,15:51:38.470,+19:09:04.050,point,cross,cyan,'LAE1461',,point=cross 14 color=cyan width=2 text={'LAE1461'},155
LAE1462,237.9496750,19.1508764,15:51:47.922,+19:09:03.155,point,cross,cyan,'LAE1462',,point=cross 14 color=cyan width=2 text={'LAE1462'},156
LAE1469,237.9975375,19.1530106,15:51:59.409,+19:09:10.838,point,cross,cyan,'LAE1469',,point=cross 14 color=cyan width=2 text={'LAE1469'},157
LAE1470,238.0132667,19.1525203,15:52:03.184,+19:09:09.073,point,cross,cyan,'LAE1470',,point=cross 14 color=cyan width=2 text={'LAE1470'},158
LAE1473,237.8249625,19.1540881,15:51:17.991,+19:09:14.717,point,cross,cyan,'LAE1473',,point=cross 14 color=cyan width=2 text={'LAE1473'},159
LAE1477,237.9075125,19.1549006,15:51:37.803,+19:09:17.642,point,cross,cyan,'LAE1477',,point=cross 14 color=cyan width=2 text={'LAE1477'},160
LAE1478,238.0513292,19.1552056,15:52:12.319,+19:09:18.740,point,cross,cyan,'LAE1478',,point=cross 14 color=cyan width=2 text={'LAE1478'},161
LAE1480,237.9958167,19.1556803,15:51:58.996,+19:09:20.449,point,cross,cyan,'LAE1480',,point=cross 14 color=cyan width=2 text={'LAE1480'},162
LAE1482,237.8493875,19.1544761,15:51:23.853,+19:09:16.114,point,cross,cyan,'LAE1482',,point=cross 14 color=cyan width=2 text={'LAE1482'},163
LAE1483,238.0141958,19.1562717,15:52:03.407,+19:09:22.578,point,cross,cyan,'LAE1483',,point=cross 14 color=cyan width=2 text={'LAE1483'},164
LAE1486,237.9360708,19.1567978,15:51:44.657,+19:09:24.472,point,cross,cyan,'LAE1486',,point=cross 14 color=cyan width=2 text={'LAE1486'},165
LAE1499,238.1062125,19.1594439,15:52:25.491,+19:09:33.998,point,cross,cyan,'LAE1499',,point=cross 14 color=cyan width=2 text={'LAE1499'},166
LAE1500,238.0692375,19.1596964,15:52:16.617,+19:09:34.907,point,cross,cyan,'LAE1500',,point=cross 14 color=cyan width=2 text={'LAE1500'},167
LAE1503,237.9387417,19.1581475,15:51:45.298,+19:09:29.331,point,cross,cyan,'LAE1503',,point=cross 14 color=cyan width=2 text={'LAE1503'},168
LAE1505,237.9082208,19.1603019,15:51:37.973,+19:09:37.087,point,cross,cyan,'LAE1505',,point=cross 14 color=cyan width=2 text={'LAE1505'},169
LAE1508,237.9389333,19.1605939,15:51:45.344,+19:09:38.138,point,cross,cyan,'LAE1508',,point=cross 14 color=cyan width=2 text={'LAE1508'},170
LAE1510,237.8658792,19.1603194,15:51:27.811,+19:09:37.150,point,cross,cyan,'LAE1510',,point=cross 14 color=cyan width=2 text={'LAE1510'},171
LAE1512,237.7867625,19.1599742,15:51:08.823,+19:09:35.907,point,cross,cyan,'LAE1512',,point=cross 14 color=cyan width=2 text={'LAE1512'},172
LAE1515,237.9175333,19.1612350,15:51:40.208,+19:09:40.446,point,cross,cyan,'LAE1515',,point=cross 14 color=cyan width=2 text={'LAE1515'},173
LAE1517,238.0440208,19.1612067,15:52:10.565,+19:09:40.344,point,cross,cyan,'LAE1517',,point=cross 14 color=cyan width=2 text={'LAE1517'},174
LAE1524,237.9669750,19.1618522,15:51:52.074,+19:09:42.668,point,cross,cyan,'LAE1524',,point=cross 14 color=cyan width=2 text={'LAE1524'},175
LAE1525,238.0010667,19.1611486,15:52:00.256,+19:09:40.135,point,cross,cyan,'LAE1525',,point=cross 14 color=cyan width=2 text={'LAE1525'},176
LAE1527,237.9987083,19.1608761,15:51:59.690,+19:09:39.154,point,cross,cyan,'LAE1527',,point=cross 14 color=cyan width=2 text={'LAE1527'},177
LAE1528,237.8685333,19.1616869,15:51:28.448,+19:09:42.073,point,cross,cyan,'LAE1528',,point=cross 14 color=cyan width=2 text={'LAE1528'},178
LAE1530,237.9141833,19.1618367,15:51:39.404,+19:09:42.612,point,cross,cyan,'LAE1530',,point=cross 14 color=cyan width=2 text={'LAE1530'},179
LAE1533,237.9437708,19.1628917,15:51:46.505,+19:09:46.410,point,cross,cyan,'LAE1533',,point=cross 14 color=cyan width=2 text={'LAE1533'},180
LAE1534,238.1019667,19.1621583,15:52:24.472,+19:09:43.770,point,cross,cyan,'LAE1534',,point=cross 14 color=cyan width=2 text={'LAE1534'},181
LAE1535,237.9410833,19.1624486,15:51:45.860,+19:09:44.815,point,cross,cyan,'LAE1535',,point=cross 14 color=cyan width=2 text={'LAE1535'},182
LAE1536,237.9038958,19.1630353,15:51:36.935,+19:09:46.927,point,cross,cyan,'LAE1536',,point=cross 14 color=cyan width=2 text={'LAE1536'},183
LAE1537,237.9065958,19.1632186,15:51:37.583,+19:09:47.587,point,cross,cyan,'LAE1537',,point=cross 14 color=cyan width=2 text={'LAE1537'},184
LAE1539,237.8924458,19.1635519,15:51:34.187,+19:09:48.787,point,cross,cyan,'LAE1539',,point=cross 14 color=cyan width=2 text={'LAE1539'},185
LAE1540,237.8618625,19.1633883,15:51:26.847,+19:09:48.198,point,cross,cyan,'LAE1540',,point=cross 14 color=cyan width=2 text={'LAE1540'},186
LAE1541,238.0043708,19.1632603,15:52:01.049,+19:09:47.737,point,cross,cyan,'LAE1541',,point=cross 14 color=cyan width=2 text={'LAE1541'},187
LAE1543,237.8695042,19.1642800,15:51:28.681,+19:09:51.408,point,cross,cyan,'LAE1543',,point=cross 14 color=cyan width=2 text={'LAE1543'},188
LAE1544,237.7847458,19.1634422,15:51:08.339,+19:09:48.392,point,cross,cyan,'LAE1544',,point=cross 14 color=cyan width=2 text={'LAE1544'},189
LAE1549,237.8314333,19.1645472,15:51:19.544,+19:09:52.370,point,cross,cyan,'LAE1549',,point=cross 14 color=cyan width=2 text={'LAE1549'},190
LAE1550,237.8247125,19.1626697,15:51:17.931,+19:09:45.611,point,cross,cyan,'LAE1550',,point=cross 14 color=cyan width=2 text={'LAE1550'},191
LAE1551,238.0205583,19.1647197,15:52:04.934,+19:09:52.991,point,cross,cyan,'LAE1551',,point=cross 14 color=cyan width=2 text={'LAE1551'},192
LAE1554,237.9889708,19.1647789,15:51:57.353,+19:09:53.204,point,cross,cyan,'LAE1554',,point=cross 14 color=cyan width=2 text={'LAE1554'},193
LAE1560,238.0294167,19.1664053,15:52:07.060,+19:09:59.059,point,cross,cyan,'LAE1560',,point=cross 14 color=cyan width=2 text={'LAE1560'},194
LAE1565,238.0089125,19.1652208,15:52:02.139,+19:09:54.795,point,cross,cyan,'LAE1565',,point=cross 14 color=cyan width=2 text={'LAE1565'},195
LAE1567,238.0761292,19.1676844,15:52:18.271,+19:10:03.664,point,cross,cyan,'LAE1567',,point=cross 14 color=cyan width=2 text={'LAE1567'},196
LAE1568,238.0441625,19.1677478,15:52:10.599,+19:10:03.892,point,cross,cyan,'LAE1568',,point=cross 14 color=cyan width=2 text={'LAE1568'},197
LAE1569,238.0694542,19.1615933,15:52:16.669,+19:09:41.736,point,cross,cyan,'LAE1569',,point=cross 14 color=cyan width=2 text={'LAE1569'},198
LAE1571,238.1161000,19.1679550,15:52:27.864,+19:10:04.638,point,cross,cyan,'LAE1571',,point=cross 14 color=cyan width=2 text={'LAE1571'},199
LAE1576,237.9750208,19.1682961,15:51:54.005,+19:10:05.866,point,cross,cyan,'LAE1576',,point=cross 14 color=cyan width=2 text={'LAE1576'},200
LAE1577,237.9110333,19.1679428,15:51:38.648,+19:10:04.594,point,cross,cyan,'LAE1577',,point=cross 14 color=cyan width=2 text={'LAE1577'},201
LAE1583,238.0913625,19.1698389,15:52:21.927,+19:10:11.420,point,cross,cyan,'LAE1583',,point=cross 14 color=cyan width=2 text={'LAE1583'},202
LAE1587,237.9565333,19.1705558,15:51:49.568,+19:10:14.001,point,cross,cyan,'LAE1587',,point=cross 14 color=cyan width=2 text={'LAE1587'},203
LAE1588,237.9245792,19.1712572,15:51:41.899,+19:10:16.526,point,cross,cyan,'LAE1588',,point=cross 14 color=cyan width=2 text={'LAE1588'},204
LAE1589,237.8263167,19.1716181,15:51:18.316,+19:10:17.825,point,cross,cyan,'LAE1589',,point=cross 14 color=cyan width=2 text={'LAE1589'},205
LAE1591,237.9233125,19.1720858,15:51:41.595,+19:10:19.509,point,cross,cyan,'LAE1591',,point=cross 14 color=cyan width=2 text={'LAE1591'},206
LAE1592,237.8749500,19.1722417,15:51:29.988,+19:10:20.070,point,cross,cyan,'LAE1592',,point=cross 14 color=cyan width=2 text={'LAE1592'},207
LAE1593,237.8447833,19.1725100,15:51:22.748,+19:10:21.036,point,cross,cyan,'LAE1593',,point=cross 14 color=cyan width=2 text={'LAE1593'},208
LAE1595,238.0003875,19.1713733,15:52:00.093,+19:10:16.944,point,cross,cyan,'LAE1595',,point=cross 14 color=cyan width=2 text={'LAE1595'},209
LAE1596,237.9638750,19.1721133,15:51:51.330,+19:10:19.608,point,cross,cyan,'LAE1596',,point=cross 14 color=cyan width=2 text={'LAE1596'},210
LAE1597,238.0468167,19.1720736,15:52:11.236,+19:10:19.465,point,cross,cyan,'LAE1597',,point=cross 14 color=cyan width=2 text={'LAE1597'},211
LAE1600,238.1092167,19.1733936,15:52:26.212,+19:10:24.217,point,cross,cyan,'LAE1600',,point=cross 14 color=cyan width=2 text={'LAE1600'},212
LAE1603,237.8595875,19.1737219,15:51:26.301,+19:10:25.399,point,cross,cyan,'LAE1603',,point=cross 14 color=cyan width=2 text={'LAE1603'},213
LAE1609,238.0637750,19.1751253,15:52:15.306,+19:10:30.451,point,cross,cyan,'LAE1609',,point=cross 14 color=cyan width=2 text={'LAE1609'},214
LAE1610,238.0546750,19.1754050,15:52:13.122,+19:10:31.458,point,cross,cyan,'LAE1610',,point=cross 14 color=cyan width=2 text={'LAE1610'},215
LAE1612,238.0088750,19.1761289,15:52:02.130,+19:10:34.064,point,cross,cyan,'LAE1612',,point=cross 14 color=cyan width=2 text={'LAE1612'},216
LAE1616,237.9615292,19.1761369,15:51:50.767,+19:10:34.093,point,cross,cyan,'LAE1616',,point=cross 14 color=cyan width=2 text={'LAE1616'},217
LAE1618,237.9970917,19.1763644,15:51:59.302,+19:10:34.912,point,cross,cyan,'LAE1618',,point=cross 14 color=cyan width=2 text={'LAE1618'},218
LAE1619,238.0228750,19.1767883,15:52:05.490,+19:10:36.438,point,cross,cyan,'LAE1619',,point=cross 14 color=cyan width=2 text={'LAE1619'},219
LAE1623,237.9269958,19.1761350,15:51:42.479,+19:10:34.086,point,cross,cyan,'LAE1623',,point=cross 14 color=cyan width=2 text={'LAE1623'},220
LAE1627,237.8501292,19.1778733,15:51:24.031,+19:10:40.344,point,cross,cyan,'LAE1627',,point=cross 14 color=cyan width=2 text={'LAE1627'},221
LAE1631,237.7962167,19.1766953,15:51:11.092,+19:10:36.103,point,cross,cyan,'LAE1631',,point=cross 14 color=cyan width=2 text={'LAE1631'},222
LAE1633,237.9666917,19.1779878,15:51:52.006,+19:10:40.756,point,cross,cyan,'LAE1633',,point=cross 14 color=cyan width=2 text={'LAE1633'},223
LAE1638,238.0369083,19.1794253,15:52:08.858,+19:10:45.931,point,cross,cyan,'LAE1638',,point=cross 14 color=cyan width=2 text={'LAE1638'},224
LAE1642,238.0643375,19.1798464,15:52:15.441,+19:10:47.447,point,cross,cyan,'LAE1642',,point=cross 14 color=cyan width=2 text={'LAE1642'},225
LAE1643,238.0587542,19.1802411,15:52:14.101,+19:10:48.868,point,cross,cyan,'LAE1643',,point=cross 14 color=cyan width=2 text={'LAE1643'},226
LAE1644,237.9646208,19.1796367,15:51:51.509,+19:10:46.692,point,cross,cyan,'LAE1644',,point=cross 14 color=cyan width=2 text={'LAE1644'},227
LAE1645,238.0629208,19.1798031,15:52:15.101,+19:10:47.291,point,cross,cyan,'LAE1645',,point=cross 14 color=cyan width=2 text={'LAE1645'},228
LAE1646,238.0184875,19.1800106,15:52:04.437,+19:10:48.038,point,cross,cyan,'LAE1646',,point=cross 14 color=cyan width=2 text={'LAE1646'},229
LAE1651,238.0642750,19.1802222,15:52:15.426,+19:10:48.800,point,cross,cyan,'LAE1651',,point=cross 14 color=cyan width=2 text={'LAE1651'},230
LAE1656,238.0030750,19.1814231,15:52:00.738,+19:10:53.123,point,cross,cyan,'LAE1656',,point=cross 14 color=cyan width=2 text={'LAE1656'},231
LAE1664,237.9569792,19.1823022,15:51:49.675,+19:10:56.288,point,cross,cyan,'LAE1664',,point=cross 14 color=cyan width=2 text={'LAE1664'},232
LAE1666,237.9191708,19.1827550,15:51:40.601,+19:10:57.918,point,cross,cyan,'LAE1666',,point=cross 14 color=cyan width=2 text={'LAE1666'},233
LAE1668,237.9646542,19.1828158,15:51:51.517,+19:10:58.137,point,cross,cyan,'LAE1668',,point=cross 14 color=cyan width=2 text={'LAE1668'},234
LAE1674,237.7896750,19.1838214,15:51:09.522,+19:11:01.757,point,cross,cyan,'LAE1674',,point=cross 14 color=cyan width=2 text={'LAE1674'},235
LAE1675,237.9332500,19.1840114,15:51:43.980,+19:11:02.441,point,cross,cyan,'LAE1675',,point=cross 14 color=cyan width=2 text={'LAE1675'},236
LAE1677,238.0855958,19.1810581,15:52:20.543,+19:10:51.809,point,cross,cyan,'LAE1677',,point=cross 14 color=cyan width=2 text={'LAE1677'},237
LAE1679,237.9544792,19.1834264,15:51:49.075,+19:11:00.335,point,cross,cyan,'LAE1679',,point=cross 14 color=cyan width=2 text={'LAE1679'},238
LAE1680,237.9643917,19.1826375,15:51:51.454,+19:10:57.495,point,cross,cyan,'LAE1680',,point=cross 14 color=cyan width=2 text={'LAE1680'},239
LAE1681,237.9457417,19.1840842,15:51:46.978,+19:11:02.703,point,cross,cyan,'LAE1681',,point=cross 14 color=cyan width=2 text={'LAE1681'},240
LAE1684,237.8032000,19.1843958,15:51:12.768,+19:11:03.825,point,cross,cyan,'LAE1684',,point=cross 14 color=cyan width=2 text={'LAE1684'},241
LAE1687,237.9369125,19.1838483,15:51:44.859,+19:11:01.854,point,cross,cyan,'LAE1687',,point=cross 14 color=cyan width=2 text={'LAE1687'},242
LAE1688,237.8556292,19.1840097,15:51:25.351,+19:11:02.435,point,cross,cyan,'LAE1688',,point=cross 14 color=cyan width=2 text={'LAE1688'},243
LAE1690,237.9893583,19.1840736,15:51:57.446,+19:11:02.665,point,cross,cyan,'LAE1690',,point=cross 14 color=cyan width=2 text={'LAE1690'},244
LAE1691,237.9149833,19.1848067,15:51:39.596,+19:11:05.304,point,cross,cyan,'LAE1691',,point=cross 14 color=cyan width=2 text={'LAE1691'},245
LAE1693,237.9043875,19.1847003,15:51:37.053,+19:11:04.921,point,cross,cyan,'LAE1693',,point=cross 14 color=cyan width=2 text={'LAE1693'},246
LAE1695,238.1157792,19.1850708,15:52:27.787,+19:11:06.255,point,cross,cyan,'LAE1695',,point=cross 14 color=cyan width=2 text={'LAE1695'},247
LAE1696,237.9755833,19.1847344,15:51:54.140,+19:11:05.044,point,cross,cyan,'LAE1696',,point=cross 14 color=cyan width=2 text={'LAE1696'},248
LAE1702,237.8939792,19.1857400,15:51:34.555,+19:11:08.664,point,cross,cyan,'LAE1702',,point=cross 14 color=cyan width=2 text={'LAE1702'},249
LAE1703,238.1202917,19.1858244,15:52:28.870,+19:11:08.968,point,cross,cyan,'LAE1703',,point=cross 14 color=cyan width=2 text={'LAE1703'},250
LAE1704,237.9427833,19.1863950,15:51:46.268,+19:11:11.022,point,cross,cyan,'LAE1704',,point=cross 14 color=cyan width=2 text={'LAE1704'},251
LAE1706,237.9847750,19.1850286,15:51:56.346,+19:11:06.103,point,cross,cyan,'LAE1706',,point=cross 14 color=cyan width=2 text={'LAE1706'},252
LAE1709,237.8991042,19.1859778,15:51:35.785,+19:11:09.520,point,cross,cyan,'LAE1709',,point=cross 14 color=cyan width=2 text={'LAE1709'},253
LAE1713,237.9393000,19.1865092,15:51:45.432,+19:11:11.433,point,cross,cyan,'LAE1713',,point=cross 14 color=cyan width=2 text={'LAE1713'},254
LAE1716,238.0040958,19.1875731,15:52:00.983,+19:11:15.263,point,cross,cyan,'LAE1716',,point=cross 14 color=cyan width=2 text={'LAE1716'},255
LAE1717,238.1113917,19.1877589,15:52:26.734,+19:11:15.932,point,cross,cyan,'LAE1717',,point=cross 14 color=cyan width=2 text={'LAE1717'},256
LAE1721,237.8149250,19.1894025,15:51:15.582,+19:11:21.849,point,cross,cyan,'LAE1721',,point=cross 14 color=cyan width=2 text={'LAE1721'},257
LAE1726,237.9545167,19.1895422,15:51:49.084,+19:11:22.352,point,cross,cyan,'LAE1726',,point=cross 14 color=cyan width=2 text={'LAE1726'},258
LAE1735,237.9350250,19.1900739,15:51:44.406,+19:11:24.266,point,cross,cyan,'LAE1735',,point=cross 14 color=cyan width=2 text={'LAE1735'},259
LAE1736,237.8291750,19.1912897,15:51:19.002,+19:11:28.643,point,cross,cyan,'LAE1736',,point=cross 14 color=cyan width=2 text={'LAE1736'},260
LAE1741,237.8119625,19.1920678,15:51:14.871,+19:11:31.444,point,cross,cyan,'LAE1741',,point=cross 14 color=cyan width=2 text={'LAE1741'},261
LAE1742,238.1344250,19.1922950,15:52:32.262,+19:11:32.262,point,cross,cyan,'LAE1742',,point=cross 14 color=cyan width=2 text={'LAE1742'},262
LAE1743,238.0645792,19.1914958,15:52:15.499,+19:11:29.385,point,cross,cyan,'LAE1743',,point=cross 14 color=cyan width=2 text={'LAE1743'},263
LAE1744,237.8444125,19.1926178,15:51:22.659,+19:11:33.424,point,cross,cyan,'LAE1744',,point=cross 14 color=cyan width=2 text={'LAE1744'},264
LAE1752,238.0253500,19.1934650,15:52:06.084,+19:11:36.474,point,cross,cyan,'LAE1752',,point=cross 14 color=cyan width=2 text={'LAE1752'},265
LAE1757,237.9087500,19.1931794,15:51:38.100,+19:11:35.446,point,cross,cyan,'LAE1757',,point=cross 14 color=cyan width=2 text={'LAE1757'},266
LAE1758,237.9323292,19.1944797,15:51:43.759,+19:11:40.127,point,cross,cyan,'LAE1758',,point=cross 14 color=cyan width=2 text={'LAE1758'},267
LAE1759,237.8926417,19.1949633,15:51:34.234,+19:11:41.868,point,cross,cyan,'LAE1759',,point=cross 14 color=cyan width=2 text={'LAE1759'},268
LAE1760,238.0426875,19.1949464,15:52:10.245,+19:11:41.807,point,cross,cyan,'LAE1760',,point=cross 14 color=cyan width=2 text={'LAE1760'},269
LAE1762,238.0704500,19.1947125,15:52:16.908,+19:11:40.965,point,cross,cyan,'LAE1762',,point=cross 14 color=cyan width=2 text={'LAE1762'},270
LAE1774,238.0460667,19.1970117,15:52:11.056,+19:11:49.242,point,cross,cyan,'LAE1774',,point=cross 14 color=cyan width=2 text={'LAE1774'},271
LAE1775,238.0645750,19.1971756,15:52:15.498,+19:11:49.832,point,cross,cyan,'LAE1775',,point=cross 14 color=cyan width=2 text={'LAE1775'},272
LAE1779,237.9353125,19.1964597,15:51:44.475,+19:11:47.255,point,cross,cyan,'LAE1779',,point=cross 14 color=cyan width=2 text={'LAE1779'},273
LAE1784,237.9403458,19.1979744,15:51:45.683,+19:11:52.708,point,cross,cyan,'LAE1784',,point=cross 14 color=cyan width=2 text={'LAE1784'},274
LAE1787,237.9210667,19.1985047,15:51:41.056,+19:11:54.617,point,cross,cyan,'LAE1787',,point=cross 14 color=cyan width=2 text={'LAE1787'},275
LAE1789,237.8461125,19.1984869,15:51:23.067,+19:11:54.553,point,cross,cyan,'LAE1789',,point=cross 14 color=cyan width=2 text={'LAE1789'},276
LAE1790,237.8361333,19.1989600,15:51:20.672,+19:11:56.256,point,cross,cyan,'LAE1790',,point=cross 14 color=cyan width=2 text={'LAE1790'},277
LAE1791,237.9316292,19.1991869,15:51:43.591,+19:11:57.073,point,cross,cyan,'LAE1791',,point=cross 14 color=cyan width=2 text={'LAE1791'},278
LAE1795,238.0504542,19.1995372,15:52:12.109,+19:11:58.334,point,cross,cyan,'LAE1795',,point=cross 14 color=cyan width=2 text={'LAE1795'},279
LAE1803,237.9521333,19.2008303,15:51:48.512,+19:12:02.989,point,cross,cyan,'LAE1803',,point=cross 14 color=cyan width=2 text={'LAE1803'},280
LAE1804,237.9472667,19.2004833,15:51:47.344,+19:12:01.740,point,cross,cyan,'LAE1804',,point=cross 14 color=cyan width=2 text={'LAE1804'},281
LAE1805,238.1011375,19.2009350,15:52:24.273,+19:12:03.366,point,cross,cyan,'LAE1805',,point=cross 14 color=cyan width=2 text={'LAE1805'},282
LAE1808,237.7926250,19.2016431,15:51:10.230,+19:12:05.915,point,cross,cyan,'LAE1808',,point=cross 14 color=cyan width=2 text={'LAE1808'},283
LAE1813,237.8736417,19.2019864,15:51:29.674,+19:12:07.151,point,cross,cyan,'LAE1813',,point=cross 14 color=cyan width=2 text={'LAE1813'},284
LAE1818,238.0965458,19.2025606,15:52:23.171,+19:12:09.218,point,cross,cyan,'LAE1818',,point=cross 14 color=cyan width=2 text={'LAE1818'},285
LAE1822,237.8342542,19.2034244,15:51:20.221,+19:12:12.328,point,cross,cyan,'LAE1822',,point=cross 14 color=cyan width=2 text={'LAE1822'},286
LAE1824,238.0452792,19.2031347,15:52:10.867,+19:12:11.285,point,cross,cyan,'LAE1824',,point=cross 14 color=cyan width=2 text={'LAE1824'},287
LAE1836,238.0716583,19.2039461,15:52:17.198,+19:12:14.206,point,cross,cyan,'LAE1836',,point=cross 14 color=cyan width=2 text={'LAE1836'},288
LAE1846,237.9411625,19.2064003,15:51:45.879,+19:12:23.041,point,cross,cyan,'LAE1846',,point=cross 14 color=cyan width=2 text={'LAE1846'},289
LAE1851,237.9857333,19.2073344,15:51:56.576,+19:12:26.404,point,cross,cyan,'LAE1851',,point=cross 14 color=cyan width=2 text={'LAE1851'},290
LAE1854,238.0748500,19.2076342,15:52:17.964,+19:12:27.483,point,cross,cyan,'LAE1854',,point=cross 14 color=cyan width=2 text={'LAE1854'},291
LAE1855,237.8940667,19.2071131,15:51:34.576,+19:12:25.607,point,cross,cyan,'LAE1855',,point=cross 14 color=cyan width=2 text={'LAE1855'},292
LAE1861,238.1044208,19.2087889,15:52:25.061,+19:12:31.640,point,cross,cyan,'LAE1861',,point=cross 14 color=cyan width=2 text={'LAE1861'},293
LAE1862,237.9429958,19.2090639,15:51:46.319,+19:12:32.630,point,cross,cyan,'LAE1862',,point=cross 14 color=cyan width=2 text={'LAE1862'},294
LAE1863,238.0762417,19.2089472,15:52:18.298,+19:12:32.210,point,cross,cyan,'LAE1863',,point=cross 14 color=cyan width=2 text={'LAE1863'},295
LAE1864,238.1324542,19.2091600,15:52:31.789,+19:12:32.976,point,cross,cyan,'LAE1864',,point=cross 14 color=cyan width=2 text={'LAE1864'},296
LAE1865,237.8837833,19.2087939,15:51:32.108,+19:12:31.658,point,cross,cyan,'LAE1865',,point=cross 14 color=cyan width=2 text={'LAE1865'},297
LAE1866,237.8454542,19.2085744,15:51:22.909,+19:12:30.868,point,cross,cyan,'LAE1866',,point=cross 14 color=cyan width=2 text={'LAE1866'},298
LAE1871,238.0674125,19.2100961,15:52:16.179,+19:12:36.346,point,cross,cyan,'LAE1871',,point=cross 14 color=cyan width=2 text={'LAE1871'},299
LAE1872,237.9437125,19.2106542,15:51:46.491,+19:12:38.355,point,cross,cyan,'LAE1872',,point=cross 14 color=cyan width=2 text={'LAE1872'},300
LAE1876,237.9848333,19.2115914,15:51:56.360,+19:12:41.729,point,cross,cyan,'LAE1876',,point=cross 14 color=cyan width=2 text={'LAE1876'},301
LAE1882,237.8930792,19.2111117,15:51:34.339,+19:12:40.002,point,cross,cyan,'LAE1882',,point=cross 14 color=cyan width=2 text={'LAE1882'},302
LAE1883,237.9919583,19.2072736,15:51:58.070,+19:12:26.185,point,cross,cyan,'LAE1883',,point=cross 14 color=cyan width=2 text={'LAE1883'},303
LAE1889,237.9573667,19.2131783,15:51:49.768,+19:12:47.442,point,cross,cyan,'LAE1889',,point=cross 14 color=cyan width=2 text={'LAE1889'},304
LAE1890,238.0604875,19.2133578,15:52:14.517,+19:12:48.088,point,cross,cyan,'LAE1890',,point=cross 14 color=cyan width=2 text={'LAE1890'},305
LAE1892,238.0078417,19.2138069,15:52:01.882,+19:12:49.705,point,cross,cyan,'LAE1892',,point=cross 14 color=cyan width=2 text={'LAE1892'},306
LAE1897,237.8016500,19.2142961,15:51:12.396,+19:12:51.466,point,cross,cyan,'LAE1897',,point=cross 14 color=cyan width=2 text={'LAE1897'},307
LAE1901,237.8922917,19.2139825,15:51:34.150,+19:12:50.337,point,cross,cyan,'LAE1901',,point=cross 14 color=cyan width=2 text={'LAE1901'},308
LAE1902,238.0655875,19.2155683,15:52:15.741,+19:12:56.046,point,cross,cyan,'LAE1902',,point=cross 14 color=cyan width=2 text={'LAE1902'},309
LAE1904,238.0145042,19.2160583,15:52:03.481,+19:12:57.810,point,cross,cyan,'LAE1904',,point=cross 14 color=cyan width=2 text={'LAE1904'},310
LAE1906,237.9948417,19.2166794,15:51:58.762,+19:13:00.046,point,cross,cyan,'LAE1906',,point=cross 14 color=cyan width=2 text={'LAE1906'},311
LAE1907,237.8853875,19.2162442,15:51:32.493,+19:12:58.479,point,cross,cyan,'LAE1907',,point=cross 14 color=cyan width=2 text={'LAE1907'},312
LAE1911,238.1183292,19.2169378,15:52:28.399,+19:13:00.976,point,cross,cyan,'LAE1911',,point=cross 14 color=cyan width=2 text={'LAE1911'},313
LAE1914,237.9064583,19.2172814,15:51:37.550,+19:13:02.213,point,cross,cyan,'LAE1914',,point=cross 14 color=cyan width=2 text={'LAE1914'},314
LAE1917,237.9753750,19.2178086,15:51:54.090,+19:13:04.111,point,cross,cyan,'LAE1917',,point=cross 14 color=cyan width=2 text={'LAE1917'},315
LAE1918,238.0791333,19.2178428,15:52:18.992,+19:13:04.234,point,cross,cyan,'LAE1918',,point=cross 14 color=cyan width=2 text={'LAE1918'},316
LAE1922,237.8200292,19.2181425,15:51:16.807,+19:13:05.313,point,cross,cyan,'LAE1922',,point=cross 14 color=cyan width=2 text={'LAE1922'},317
LAE1923,237.9870000,19.2184214,15:51:56.880,+19:13:06.317,point,cross,cyan,'LAE1923',,point=cross 14 color=cyan width=2 text={'LAE1923'},318
LAE1924,238.1183333,19.2186803,15:52:28.400,+19:13:07.249,point,cross,cyan,'LAE1924',,point=cross 14 color=cyan width=2 text={'LAE1924'},319
LAE1925,238.1028708,19.2177694,15:52:24.689,+19:13:03.970,point,cross,cyan,'LAE1925',,point=cross 14 color=cyan width=2 text={'LAE1925'},320
LAE1926,238.0831333,19.2190050,15:52:19.952,+19:13:08.418,point,cross,cyan,'LAE1926',,point=cross 14 color=cyan width=2 text={'LAE1926'},321
LAE1931,237.8234042,19.2184983,15:51:17.617,+19:13:06.594,point,cross,cyan,'LAE1931',,point=cross 14 color=cyan width=2 text={'LAE1931'},322
LAE1933,237.8071292,19.2191853,15:51:13.711,+19:13:09.067,point,cross,cyan,'LAE1933',,point=cross 14 color=cyan width=2 text={'LAE1933'},323
LAE1936,237.9512833,19.2203656,15:51:48.308,+19:13:13.316,point,cross,cyan,'LAE1936',,point=cross 14 color=cyan width=2 text={'LAE1936'},324
LAE1937,237.8731000,19.2202369,15:51:29.544,+19:13:12.853,point,cross,cyan,'LAE1937',,point=cross 14 color=cyan width=2 text={'LAE1937'},325
LAE1938,237.9153958,19.2208053,15:51:39.695,+19:13:14.899,point,cross,cyan,'LAE1938',,point=cross 14 color=cyan width=2 text={'LAE1938'},326
LAE1940,238.0536583,19.2217575,15:52:12.878,+19:13:18.327,point,cross,cyan,'LAE1940',,point=cross 14 color=cyan width=2 text={'LAE1940'},327
LAE1943,238.0864583,19.2219344,15:52:20.750,+19:13:18.964,point,cross,cyan,'LAE1943',,point=cross 14 color=cyan width=2 text={'LAE1943'},328
LAE1944,237.9308625,19.2220828,15:51:43.407,+19:13:19.498,point,cross,cyan,'LAE1944',,point=cross 14 color=cyan width=2 text={'LAE1944'},329
LAE1945,238.1360167,19.2223306,15:52:32.644,+19:13:20.390,point,cross,cyan,'LAE1945',,point=cross 14 color=cyan width=2 text={'LAE1945'},330
LAE1946,237.9829500,19.2233469,15:51:55.908,+19:13:24.049,point,cross,cyan,'LAE1946',,point=cross 14 color=cyan width=2 text={'LAE1946'},331
LAE1948,237.9905583,19.2242986,15:51:57.734,+19:13:27.475,point,cross,cyan,'LAE1948',,point=cross 14 color=cyan width=2 text={'LAE1948'},332
LAE1953,237.9260125,19.2248489,15:51:42.243,+19:13:29.456,point,cross,cyan,'LAE1953',,point=cross 14 color=cyan width=2 text={'LAE1953'},333
LAE1954,237.8082042,19.2251039,15:51:13.969,+19:13:30.374,point,cross,cyan,'LAE1954',,point=cross 14 color=cyan width=2 text={'LAE1954'},334
LAE1957,237.9183458,19.2256519,15:51:40.403,+19:13:32.347,point,cross,cyan,'LAE1957',,point=cross 14 color=cyan width=2 text={'LAE1957'},335
LAE1958,237.8500667,19.2260047,15:51:24.016,+19:13:33.617,point,cross,cyan,'LAE1958',,point=cross 14 color=cyan width=2 text={'LAE1958'},336
LAE1959,238.0582583,19.2259264,15:52:13.982,+19:13:33.335,point,cross,cyan,'LAE1959',,point=cross 14 color=cyan width=2 text={'LAE1959'},337
LAE1961,237.9443375,19.2266064,15:51:46.641,+19:13:35.783,point,cross,cyan,'LAE1961',,point=cross 14 color=cyan width=2 text={'LAE1961'},338
LAE1963,237.9038250,19.2266858,15:51:36.918,+19:13:36.069,point,cross,cyan,'LAE1963',,point=cross 14 color=cyan width=2 text={'LAE1963'},339
LAE1970,237.9290500,19.2273903,15:51:42.972,+19:13:38.605,point,cross,cyan,'LAE1970',,point=cross 14 color=cyan width=2 text={'LAE1970'},340
LAE1978,237.9544250,19.2291397,15:51:49.062,+19:13:44.903,point,cross,cyan,'LAE1978',,point=cross 14 color=cyan width=2 text={'LAE1978'},341
LAE1979,238.0701708,19.2295389,15:52:16.841,+19:13:46.340,point,cross,cyan,'LAE1979',,point=cross 14 color=cyan width=2 text={'LAE1979'},342
LAE1980,237.8233000,19.2290747,15:51:17.592,+19:13:44.669,point,cross,cyan,'LAE1980',,point=cross 14 color=cyan width=2 text={'LAE1980'},343
LAE1981,237.9850958,19.2293728,15:51:56.423,+19:13:45.742,point,cross,cyan,'LAE1981',,point=cross 14 color=cyan width=2 text={'LAE1981'},344
LAE1982,238.0633208,19.2286917,15:52:15.197,+19:13:43.290,point,cross,cyan,'LAE1982',,point=cross 14 color=cyan width=2 text={'LAE1982'},345
LAE1991,238.1181250,19.2306989,15:52:28.350,+19:13:50.516,point,cross,cyan,'LAE1991',,point=cross 14 color=cyan width=2 text={'LAE1991'},346
LAE1994,238.1027750,19.2319269,15:52:24.666,+19:13:54.937,point,cross,cyan,'LAE1994',,point=cross 14 color=cyan width=2 text={'LAE1994'},347
LAE1997,238.0551208,19.2318339,15:52:13.229,+19:13:54.602,point,cross,cyan,'LAE1997',,point=cross 14 color=cyan width=2 text={'LAE1997'},348
LAE1998,237.8439625,19.2327419,15:51:22.551,+19:13:57.871,point,cross,cyan,'LAE1998',,point=cross 14 color=cyan width=2 text={'LAE1998'},349
LAE2000,237.9029083,19.2329572,15:51:36.698,+19:13:58.646,point,cross,cyan,'LAE2000',,point=cross 14 color=cyan width=2 text={'LAE2000'},350
LAE2002,237.7932167,19.2336225,15:51:10.372,+19:14:01.041,point,cross,cyan,'LAE2002',,point=cross 14 color=cyan width=2 text={'LAE2002'},351
LAE2008,237.8029625,19.2344581,15:51:12.711,+19:14:04.049,point,cross,cyan,'LAE2008',,point=cross 14 color=cyan width=2 text={'LAE2008'},352
LAE2009,237.7960333,19.2334625,15:51:11.048,+19:14:00.465,point,cross,cyan,'LAE2009',,point=cross 14 color=cyan width=2 text={'LAE2009'},353
LAE2012,237.7972875,19.2358256,15:51:11.349,+19:14:08.972,point,cross,cyan,'LAE2012',,point=cross 14 color=cyan width=2 text={'LAE2012'},354
LAE2013,238.1311583,19.2355633,15:52:31.478,+19:14:08.028,point,cross,cyan,'LAE2013',,point=cross 14 color=cyan width=2 text={'LAE2013'},355
LAE2014,237.7972958,19.2364636,15:51:11.351,+19:14:11.269,point,cross,cyan,'LAE2014',,point=cross 14 color=cyan width=2 text={'LAE2014'},356
LAE2016,237.8667667,19.2352675,15:51:28.024,+19:14:06.963,point,cross,cyan,'LAE2016',,point=cross 14 color=cyan width=2 text={'LAE2016'},357
LAE2017,237.7963458,19.2371261,15:51:11.123,+19:14:13.654,point,cross,cyan,'LAE2017',,point=cross 14 color=cyan width=2 text={'LAE2017'},358
LAE2021,237.8169792,19.2385994,15:51:16.075,+19:14:18.958,point,cross,cyan,'LAE2021',,point=cross 14 color=cyan width=2 text={'LAE2021'},359
LAE2022,237.9587750,19.2386144,15:51:50.106,+19:14:19.012,point,cross,cyan,'LAE2022',,point=cross 14 color=cyan width=2 text={'LAE2022'},360
LAE2030,238.0403333,19.2406719,15:52:09.680,+19:14:26.419,point,cross,cyan,'LAE2030',,point=cross 14 color=cyan width=2 text={'LAE2030'},361
LAE2036,237.9114917,19.2421361,15:51:38.758,+19:14:31.690,point,cross,cyan,'LAE2036',,point=cross 14 color=cyan width=2 text={'LAE2036'},362
LAE2037,237.9846417,19.2413122,15:51:56.314,+19:14:28.724,point,cross,cyan,'LAE2037',,point=cross 14 color=cyan width=2 text={'LAE2037'},363
LAE2043,237.8748000,19.2422917,15:51:29.952,+19:14:32.250,point,cross,cyan,'LAE2043',,point=cross 14 color=cyan width=2 text={'LAE2043'},364
LAE2046,237.9278167,19.2435425,15:51:42.676,+19:14:36.753,point,cross,cyan,'LAE2046',,point=cross 14 color=cyan width=2 text={'LAE2046'},365
LAE2051,237.9088167,19.2439392,15:51:38.116,+19:14:38.181,point,cross,cyan,'LAE2051',,point=cross 14 color=cyan width=2 text={'LAE2051'},366
LAE2052,237.9387333,19.2437547,15:51:45.296,+19:14:37.517,point,cross,cyan,'LAE2052',,point=cross 14 color=cyan width=2 text={'LAE2052'},367
LAE2060,238.0787458,19.2447144,15:52:18.899,+19:14:40.972,point,cross,cyan,'LAE2060',,point=cross 14 color=cyan width=2 text={'LAE2060'},368
LAE2064,238.0581208,19.2453189,15:52:13.949,+19:14:43.148,point,cross,cyan,'LAE2064',,point=cross 14 color=cyan width=2 text={'LAE2064'},369
LAE2067,237.8657417,19.2462736,15:51:27.778,+19:14:46.585,point,cross,cyan,'LAE2067',,point=cross 14 color=cyan width=2 text={'LAE2067'},370
LAE2068,238.0707125,19.2472256,15:52:16.971,+19:14:50.012,point,cross,cyan,'LAE2068',,point=cross 14 color=cyan width=2 text={'LAE2068'},371
LAE2070,237.7991917,19.2473603,15:51:11.806,+19:14:50.497,point,cross,cyan,'LAE2070',,point=cross 14 color=cyan width=2 text={'LAE2070'},372
LAE2071,237.8458500,19.2467642,15:51:23.004,+19:14:48.351,point,cross,cyan,'LAE2071',,point=cross 14 color=cyan width=2 text={'LAE2071'},373
LAE2072,237.8428042,19.2472861,15:51:22.273,+19:14:50.230,point,cross,cyan,'LAE2072',,point=cross 14 color=cyan width=2 text={'LAE2072'},374
LAE2074,238.0551125,19.2485300,15:52:13.227,+19:14:54.708,point,cross,cyan,'LAE2074',,point=cross 14 color=cyan width=2 text={'LAE2074'},375
LAE2077,237.9041667,19.2482742,15:51:37.000,+19:14:53.787,point,cross,cyan,'LAE2077',,point=cross 14 color=cyan width=2 text={'LAE2077'},376
LAE2079,237.9626708,19.2497244,15:51:51.041,+19:14:59.008,point,cross,cyan,'LAE2079',,point=cross 14 color=cyan width=2 text={'LAE2079'},377
LAE2087,238.0275292,19.2515325,15:52:06.607,+19:15:05.517,point,cross,cyan,'LAE2087',,point=cross 14 color=cyan width=2 text={'LAE2087'},378
LAE2092,238.0007042,19.2503683,15:52:00.169,+19:15:01.326,point,cross,cyan,'LAE2092',,point=cross 14 color=cyan width=2 text={'LAE2092'},379
LAE2095,237.8003792,19.2529356,15:51:12.091,+19:15:10.568,point,cross,cyan,'LAE2095',,point=cross 14 color=cyan width=2 text={'LAE2095'},380
LAE2097,237.8307667,19.2536633,15:51:19.384,+19:15:13.188,point,cross,cyan,'LAE2097',,point=cross 14 color=cyan width=2 text={'LAE2097'},381
LAE2100,237.7871833,19.2541297,15:51:08.924,+19:15:14.867,point,cross,cyan,'LAE2100',,point=cross 14 color=cyan width=2 text={'LAE2100'},382
LAE2118,237.8410167,19.2560714,15:51:21.844,+19:15:21.857,point,cross,cyan,'LAE2118',,point=cross 14 color=cyan width=2 text={'LAE2118'},383
LAE2119,237.8697750,19.2566258,15:51:28.746,+19:15:23.853,point,cross,cyan,'LAE2119',,point=cross 14 color=cyan width=2 text={'LAE2119'},384
LAE2120,238.0144917,19.2569697,15:52:03.478,+19:15:25.091,point,cross,cyan,'LAE2120',,point=cross 14 color=cyan width=2 text={'LAE2120'},385
LAE2124,237.8601208,19.2570172,15:51:26.429,+19:15:25.262,point,cross,cyan,'LAE2124',,point=cross 14 color=cyan width=2 text={'LAE2124'},386
LAE2125,238.0111125,19.2565006,15:52:02.667,+19:15:23.402,point,cross,cyan,'LAE2125',,point=cross 14 color=cyan width=2 text={'LAE2125'},387
LAE2133,238.0573417,19.2589183,15:52:13.762,+19:15:32.106,point,cross,cyan,'LAE2133',,point=cross 14 color=cyan width=2 text={'LAE2133'},388
LAE2137,237.9246500,19.2599322,15:51:41.916,+19:15:35.756,point,cross,cyan,'LAE2137',,point=cross 14 color=cyan width=2 text={'LAE2137'},389
LAE2141,238.0529542,19.2609611,15:52:12.709,+19:15:39.460,point,cross,cyan,'LAE2141',,point=cross 14 color=cyan width=2 text={'LAE2141'},390
LAE2142,237.7891250,19.2598572,15:51:09.390,+19:15:35.486,point,cross,cyan,'LAE2142',,point=cross 14 color=cyan width=2 text={'LAE2142'},391
LAE2143,237.9427208,19.2607758,15:51:46.253,+19:15:38.793,point,cross,cyan,'LAE2143',,point=cross 14 color=cyan width=2 text={'LAE2143'},392
LAE2145,238.0520667,19.2605053,15:52:12.496,+19:15:37.819,point,cross,cyan,'LAE2145',,point=cross 14 color=cyan width=2 text={'LAE2145'},393
LAE2146,237.9295833,19.2611725,15:51:43.100,+19:15:40.221,point,cross,cyan,'LAE2146',,point=cross 14 color=cyan width=2 text={'LAE2146'},394
LAE2148,237.7891792,19.2608583,15:51:09.403,+19:15:39.090,point,cross,cyan,'LAE2148',,point=cross 14 color=cyan width=2 text={'LAE2148'},395
LAE2149,238.1242083,19.2609361,15:52:29.810,+19:15:39.370,point,cross,cyan,'LAE2149',,point=cross 14 color=cyan width=2 text={'LAE2149'},396
LAE2153,237.9517333,19.2585258,15:51:48.416,+19:15:30.693,point,cross,cyan,'LAE2153',,point=cross 14 color=cyan width=2 text={'LAE2153'},397
LAE2162,238.1264708,19.2634608,15:52:30.353,+19:15:48.459,point,cross,cyan,'LAE2162',,point=cross 14 color=cyan width=2 text={'LAE2162'},398
LAE2169,238.0148167,19.2645844,15:52:03.556,+19:15:52.504,point,cross,cyan,'LAE2169',,point=cross 14 color=cyan width=2 text={'LAE2169'},399
LAE2171,237.9200792,19.2647636,15:51:40.819,+19:15:53.149,point,cross,cyan,'LAE2171',,point=cross 14 color=cyan width=2 text={'LAE2171'},400
LAE2173,237.7990000,19.2657164,15:51:11.760,+19:15:56.579,point,cross,cyan,'LAE2173',,point=cross 14 color=cyan width=2 text={'LAE2173'},401
LAE2177,237.9698875,19.2648478,15:51:52.773,+19:15:53.452,point,cross,cyan,'LAE2177',,point=cross 14 color=cyan width=2 text={'LAE2177'},402
LAE2185,238.0101083,19.2689747,15:52:02.426,+19:16:08.309,point,cross,cyan,'LAE2185',,point=cross 14 color=cyan width=2 text={'LAE2185'},403
LAE2191,238.0466000,19.2700858,15:52:11.184,+19:16:12.309,point,cross,cyan,'LAE2191',,point=cross 14 color=cyan width=2 text={'LAE2191'},404
LAE2192,238.0136125,19.2702044,15:52:03.267,+19:16:12.736,point,cross,cyan,'LAE2192',,point=cross 14 color=cyan width=2 text={'LAE2192'},405
LAE2195,237.8487125,19.2703975,15:51:23.691,+19:16:13.431,point,cross,cyan,'LAE2195',,point=cross 14 color=cyan width=2 text={'LAE2195'},406
LAE2197,238.1360792,19.2721586,15:52:32.659,+19:16:19.771,point,cross,cyan,'LAE2197',,point=cross 14 color=cyan width=2 text={'LAE2197'},407
LAE2198,237.8307958,19.2709831,15:51:19.391,+19:16:15.539,point,cross,cyan,'LAE2198',,point=cross 14 color=cyan width=2 text={'LAE2198'},408
LAE2200,237.8312792,19.2706606,15:51:19.507,+19:16:14.378,point,cross,cyan,'LAE2200',,point=cross 14 color=cyan width=2 text={'LAE2200'},409
LAE2201,237.7846167,19.2730519,15:51:08.308,+19:16:22.987,point,cross,cyan,'LAE2201',,point=cross 14 color=cyan width=2 text={'LAE2201'},410
LAE2204,238.1096833,19.2732844,15:52:26.324,+19:16:23.824,point,cross,cyan,'LAE2204',,point=cross 14 color=cyan width=2 text={'LAE2204'},411
LAE2206,237.9818500,19.2741244,15:51:55.644,+19:16:26.848,point,cross,cyan,'LAE2206',,point=cross 14 color=cyan width=2 text={'LAE2206'},412
LAE2207,238.0643417,19.2744761,15:52:15.442,+19:16:28.114,point,cross,cyan,'LAE2207',,point=cross 14 color=cyan width=2 text={'LAE2207'},413
LAE2212,238.1188750,19.2745644,15:52:28.530,+19:16:28.432,point,cross,cyan,'LAE2212',,point=cross 14 color=cyan width=2 text={'LAE2212'},414
LAE2213,238.1311417,19.2734886,15:52:31.474,+19:16:24.559,point,cross,cyan,'LAE2213',,point=cross 14 color=cyan width=2 text={'LAE2213'},415
LAE2218,238.1235083,19.2777481,15:52:29.642,+19:16:39.893,point,cross,cyan,'LAE2218',,point=cross 14 color=cyan width=2 text={'LAE2218'},416
LAE2219,237.7849875,19.2780789,15:51:08.397,+19:16:41.084,point,cross,cyan,'LAE2219',,point=cross 14 color=cyan width=2 text={'LAE2219'},417
LAE2222,237.7909667,19.2785433,15:51:09.832,+19:16:42.756,point,cross,cyan,'LAE2222',,point=cross 14 color=cyan width=2 text={'LAE2222'},418
LAE2223,237.8015958,19.2784958,15:51:12.383,+19:16:42.585,point,cross,cyan,'LAE2223',,point=cross 14 color=cyan width=2 text={'LAE2223'},419
LAE2225,237.8157708,19.2780697,15:51:15.785,+19:16:41.051,point,cross,cyan,'LAE2225',,point=cross 14 color=cyan width=2 text={'LAE2225'},420
LAE2226,237.9622167,19.2782942,15:51:50.932,+19:16:41.859,point,cross,cyan,'LAE2226',,point=cross 14 color=cyan width=2 text={'LAE2226'},421
LAE2229,237.8526750,19.2784103,15:51:24.642,+19:16:42.277,point,cross,cyan,'LAE2229',,point=cross 14 color=cyan width=2 text={'LAE2229'},422
LAE2233,237.8413917,19.2809283,15:51:21.934,+19:16:51.342,point,cross,cyan,'LAE2233',,point=cross 14 color=cyan width=2 text={'LAE2233'},423
LAE2241,237.9201333,19.2817969,15:51:40.832,+19:16:54.469,point,cross,cyan,'LAE2241',,point=cross 14 color=cyan width=2 text={'LAE2241'},424
LAE2245,238.0796000,19.2821969,15:52:19.104,+19:16:55.909,point,cross,cyan,'LAE2245',,point=cross 14 color=cyan width=2 text={'LAE2245'},425
LAE2246,237.7999625,19.2820767,15:51:11.991,+19:16:55.476,point,cross,cyan,'LAE2246',,point=cross 14 color=cyan width=2 text={'LAE2246'},426
LAE2257,237.8095375,19.2848322,15:51:14.289,+19:17:05.396,point,cross,cyan,'LAE2257',,point=cross 14 color=cyan width=2 text={'LAE2257'},427
LAE2261,238.1105125,19.2835828,15:52:26.523,+19:17:00.898,point,cross,cyan,'LAE2261',,point=cross 14 color=cyan width=2 text={'LAE2261'},428
LAE2266,238.0318250,19.2860078,15:52:07.638,+19:17:09.628,point,cross,cyan,'LAE2266',,point=cross 14 color=cyan width=2 text={'LAE2266'},429
LAE2270,237.8250875,19.2871297,15:51:18.021,+19:17:13.667,point,cross,cyan,'LAE2270',,point=cross 14 color=cyan width=2 text={'LAE2270'},430
LAE2272,237.9841125,19.2867131,15:51:56.187,+19:17:12.167,point,cross,cyan,'LAE2272',,point=cross 14 color=cyan width=2 text={'LAE2272'},431
LAE2276,238.1100667,19.2878594,15:52:26.416,+19:17:16.294,point,cross,cyan,'LAE2276',,point=cross 14 color=cyan width=2 text={'LAE2276'},432
LAE2281,237.7867750,19.2898089,15:51:08.826,+19:17:23.312,point,cross,cyan,'LAE2281',,point=cross 14 color=cyan width=2 text={'LAE2281'},433
LAE2289,238.0345167,19.2928894,15:52:08.284,+19:17:34.402,point,cross,cyan,'LAE2289',,point=cross 14 color=cyan width=2 text={'LAE2289'},434
LAE2294,237.9933500,19.2933747,15:51:58.404,+19:17:36.149,point,cross,cyan,'LAE2294',,point=cross 14 color=cyan width=2 text={'LAE2294'},435
LAE2295,237.8028833,19.2931578,15:51:12.692,+19:17:35.368,point,cross,cyan,'LAE2295',,point=cross 14 color=cyan width=2 text={'LAE2295'},436
LAE2303,238.0602042,19.2958947,15:52:14.449,+19:17:45.221,point,cross,cyan,'LAE2303',,point=cross 14 color=cyan width=2 text={'LAE2303'},437
LAE2305,237.7918000,19.2954853,15:51:10.032,+19:17:43.747,point,cross,cyan,'LAE2305',,point=cross 14 color=cyan width=2 text={'LAE2305'},438
LAE2307,237.8593458,19.2944892,15:51:26.243,+19:17:40.161,point,cross,cyan,'LAE2307',,point=cross 14 color=cyan width=2 text={'LAE2307'},439
LAE2308,237.8417417,19.2964481,15:51:22.018,+19:17:47.213,point,cross,cyan,'LAE2308',,point=cross 14 color=cyan width=2 text={'LAE2308'},440
LAE2309,238.0965583,19.2967219,15:52:23.174,+19:17:48.199,point,cross,cyan,'LAE2309',,point=cross 14 color=cyan width=2 text={'LAE2309'},441
LAE2310,237.8223833,19.2978356,15:51:17.372,+19:17:52.208,point,cross,cyan,'LAE2310',,point=cross 14 color=cyan width=2 text={'LAE2310'},442
LAE2312,237.7947792,19.2982633,15:51:10.747,+19:17:53.748,point,cross,cyan,'LAE2312',,point=cross 14 color=cyan width=2 text={'LAE2312'},443
LAE2316,238.1039000,19.2995506,15:52:24.936,+19:17:58.382,point,cross,cyan,'LAE2316',,point=cross 14 color=cyan width=2 text={'LAE2316'},444
LAE2330,237.7976042,19.3028000,15:51:11.425,+19:18:10.080,point,cross,cyan,'LAE2330',,point=cross 14 color=cyan width=2 text={'LAE2330'},445
LAE2332,237.8077500,19.3044800,15:51:13.860,+19:18:16.128,point,cross,cyan,'LAE2332',,point=cross 14 color=cyan width=2 text={'LAE2332'},446
LAE2333,237.8335333,19.3042097,15:51:20.048,+19:18:15.155,point,cross,cyan,'LAE2333',,point=cross 14 color=cyan width=2 text={'LAE2333'},447
LAE2334,237.8598958,19.3052506,15:51:26.375,+19:18:18.902,point,cross,cyan,'LAE2334',,point=cross 14 color=cyan width=2 text={'LAE2334'},448
LAE2338,238.1017875,19.3056514,15:52:24.429,+19:18:20.345,point,cross,cyan,'LAE2338',,point=cross 14 color=cyan width=2 text={'LAE2338'},449
LAE2341,237.8137458,19.3065292,15:51:15.299,+19:18:23.505,point,cross,cyan,'LAE2341',,point=cross 14 color=cyan width=2 text={'LAE2341'},450
LAE2344,238.1108917,19.3065808,15:52:26.614,+19:18:23.691,point,cross,cyan,'LAE2344',,point=cross 14 color=cyan width=2 text={'LAE2344'},451
LAE2345,238.0500458,19.3067058,15:52:12.011,+19:18:24.141,point,cross,cyan,'LAE2345',,point=cross 14 color=cyan width=2 text={'LAE2345'},452
LAE2351,238.1221708,19.3077958,15:52:29.321,+19:18:28.065,point,cross,cyan,'LAE2351',,point=cross 14 color=cyan width=2 text={'LAE2351'},453
LAE2352,238.0494833,19.3080511,15:52:11.876,+19:18:28.984,point,cross,cyan,'LAE2352',,point=cross 14 color=cyan width=2 text={'LAE2352'},454
LAE2358,238.0652417,19.3088561,15:52:15.658,+19:18:31.882,point,cross,cyan,'LAE2358',,point=cross 14 color=cyan width=2 text={'LAE2358'},455
LAE2359,237.8631708,19.3086597,15:51:27.161,+19:18:31.175,point,cross,cyan,'LAE2359',,point=cross 14 color=cyan width=2 text={'LAE2359'},456
LAE2361,238.0621958,19.3077303,15:52:14.927,+19:18:27.829,point,cross,cyan,'LAE2361',,point=cross 14 color=cyan width=2 text={'LAE2361'},457
LAE2363,238.1264750,19.3090072,15:52:30.354,+19:18:32.426,point,cross,cyan,'LAE2363',,point=cross 14 color=cyan width=2 text={'LAE2363'},458
LAE2364,237.9342458,19.3095264,15:51:44.219,+19:18:34.295,point,cross,cyan,'LAE2364',,point=cross 14 color=cyan width=2 text={'LAE2364'},459
LAE2365,238.1222875,19.3099506,15:52:29.349,+19:18:35.822,point,cross,cyan,'LAE2365',,point=cross 14 color=cyan width=2 text={'LAE2365'},460
LAE2366,238.0288625,19.3097647,15:52:06.927,+19:18:35.153,point,cross,cyan,'LAE2366',,point=cross 14 color=cyan width=2 text={'LAE2366'},461
LAE2371,237.8261875,19.3102461,15:51:18.285,+19:18:36.886,point,cross,cyan,'LAE2371',,point=cross 14 color=cyan width=2 text={'LAE2371'},462
LAE2372,238.1143917,19.3108694,15:52:27.454,+19:18:39.130,point,cross,cyan,'LAE2372',,point=cross 14 color=cyan width=2 text={'LAE2372'},463
LAE2375,237.8439375,19.3114242,15:51:22.545,+19:18:41.127,point,cross,cyan,'LAE2375',,point=cross 14 color=cyan width=2 text={'LAE2375'},464
LAE2379,238.0480833,19.3127192,15:52:11.540,+19:18:45.789,point,cross,cyan,'LAE2379',,point=cross 14 color=cyan width=2 text={'LAE2379'},465
LAE2387,238.1091708,19.3041611,15:52:26.201,+19:18:14.980,point,cross,cyan,'LAE2387',,point=cross 14 color=cyan width=2 text={'LAE2387'},466
LAE2388,238.0410083,19.3149114,15:52:09.842,+19:18:53.681,point,cross,cyan,'LAE2388',,point=cross 14 color=cyan width=2 text={'LAE2388'},467
LAE2398,237.7946875,19.3162847,15:51:10.725,+19:18:58.625,point,cross,cyan,'LAE2398',,point=cross 14 color=cyan width=2 text={'LAE2398'},468
LAE2399,237.7994542,19.3170064,15:51:11.869,+19:19:01.223,point,cross,cyan,'LAE2399',,point=cross 14 color=cyan width=2 text={'LAE2399'},469
LAE2400,237.7955500,19.3174731,15:51:10.932,+19:19:02.903,point,cross,cyan,'LAE2400',,point=cross 14 color=cyan width=2 text={'LAE2400'},470
LAE2401,237.8238375,19.3174975,15:51:17.721,+19:19:02.991,point,cross,cyan,'LAE2401',,point=cross 14 color=cyan width=2 text={'LAE2401'},471
LAE2410,238.0971208,19.3197939,15:52:23.309,+19:19:11.258,point,cross,cyan,'LAE2410',,point=cross 14 color=cyan width=2 text={'LAE2410'},472
LAE2417,237.8497292,19.3215069,15:51:23.935,+19:19:17.425,point,cross,cyan,'LAE2417',,point=cross 14 color=cyan width=2 text={'LAE2417'},473
LAE2418,238.1310375,19.3204169,15:52:31.449,+19:19:13.501,point,cross,cyan,'LAE2418',,point=cross 14 color=cyan width=2 text={'LAE2418'},474
LAE2424,237.9803292,19.3222942,15:51:55.279,+19:19:20.259,point,cross,cyan,'LAE2424',,point=cross 14 color=cyan width=2 text={'LAE2424'},475
LAE2425,237.8427958,19.3230044,15:51:22.271,+19:19:22.816,point,cross,cyan,'LAE2425',,point=cross 14 color=cyan width=2 text={'LAE2425'},476
LAE2426,237.7953917,19.3233589,15:51:10.894,+19:19:24.092,point,cross,cyan,'LAE2426',,point=cross 14 color=cyan width=2 text={'LAE2426'},477
LAE2427,237.9839000,19.3231639,15:51:56.136,+19:19:23.390,point,cross,cyan,'LAE2427',,point=cross 14 color=cyan width=2 text={'LAE2427'},478
LAE2428,237.8210375,19.3234778,15:51:17.049,+19:19:24.520,point,cross,cyan,'LAE2428',,point=cross 14 color=cyan width=2 text={'LAE2428'},479
LAE2435,237.8213208,19.3245342,15:51:17.117,+19:19:28.323,point,cross,cyan,'LAE2435',,point=cross 14 color=cyan width=2 text={'LAE2435'},480
LAE2441,237.9928833,19.3253767,15:51:58.292,+19:19:31.356,point,cross,cyan,'LAE2441',,point=cross 14 color=cyan width=2 text={'LAE2441'},481
LAE2443,237.9546458,19.3257147,15:51:49.115,+19:19:32.573,point,cross,cyan,'LAE2443',,point=cross 14 color=cyan width=2 text={'LAE2443'},482
LAE2445,237.8569458,19.3256856,15:51:25.667,+19:19:32.468,point,cross,cyan,'LAE2445',,point=cross 14 color=cyan width=2 text={'LAE2445'},483
LAE2450,237.8382458,19.3270103,15:51:21.179,+19:19:37.237,point,cross,cyan,'LAE2450',,point=cross 14 color=cyan width=2 text={'LAE2450'},484
LAE2451,238.1309375,19.3280761,15:52:31.425,+19:19:41.074,point,cross,cyan,'LAE2451',,point=cross 14 color=cyan width=2 text={'LAE2451'},485
LAE2453,237.8356583,19.3284667,15:51:20.558,+19:19:42.480,point,cross,cyan,'LAE2453',,point=cross 14 color=cyan width=2 text={'LAE2453'},486
LAE2457,237.7952708,19.3282181,15:51:10.865,+19:19:41.585,point,cross,cyan,'LAE2457',,point=cross 14 color=cyan width=2 text={'LAE2457'},487
LAE2460,237.7988458,19.3289069,15:51:11.723,+19:19:44.065,point,cross,cyan,'LAE2460',,point=cross 14 color=cyan width=2 text={'LAE2460'},488
LAE2461,237.9836917,19.3288608,15:51:56.086,+19:19:43.899,point,cross,cyan,'LAE2461',,point=cross 14 color=cyan width=2 text={'LAE2461'},489
LAE2464,238.0123958,19.3298697,15:52:02.975,+19:19:47.531,point,cross,cyan,'LAE2464',,point=cross 14 color=cyan width=2 text={'LAE2464'},490
LAE2465,237.9786417,19.3300439,15:51:54.874,+19:19:48.158,point,cross,cyan,'LAE2465',,point=cross 14 color=cyan width=2 text={'LAE2465'},491
LAE2466,237.9624500,19.3306400,15:51:50.988,+19:19:50.304,point,cross,cyan,'LAE2466',,point=cross 14 color=cyan width=2 text={'LAE2466'},492
LAE2467,238.0146542,19.3308961,15:52:03.517,+19:19:51.226,point,cross,cyan,'LAE2467',,point=cross 14 color=cyan width=2 text={'LAE2467'},493
LAE2471,238.0270667,19.3324914,15:52:06.496,+19:19:56.969,point,cross,cyan,'LAE2471',,point=cross 14 color=cyan width=2 text={'LAE2471'},494
LAE2472,238.0034625,19.3333214,15:52:00.831,+19:19:59.957,point,cross,cyan,'LAE2472',,point=cross 14 color=cyan width=2 text={'LAE2472'},495
LAE2474,238.0777917,19.3330322,15:52:18.670,+19:19:58.916,point,cross,cyan,'LAE2474',,point=cross 14 color=cyan width=2 text={'LAE2474'},496
LAE2477,237.8655292,19.3337667,15:51:27.727,+19:20:01.560,point,cross,cyan,'LAE2477',,point=cross 14 color=cyan width=2 text={'LAE2477'},497
LAE2483,238.1033917,19.3356467,15:52:24.814,+19:20:08.328,point,cross,cyan,'LAE2483',,point=cross 14 color=cyan width=2 text={'LAE2483'},498
LAE2484,237.9767625,19.3348769,15:51:54.423,+19:20:05.557,point,cross,cyan,'LAE2484',,point=cross 14 color=cyan width=2 text={'LAE2484'},499
LAE2491,237.9571792,19.3363428,15:51:49.723,+19:20:10.834,point,cross,cyan,'LAE2491',,point=cross 14 color=cyan width=2 text={'LAE2491'},500
LAE2494,238.0865667,19.3380522,15:52:20.776,+19:20:16.988,point,cross,cyan,'LAE2494',,point=cross 14 color=cyan width=2 text={'LAE2494'},501
LAE2495,238.0196750,19.3386008,15:52:04.722,+19:20:18.963,point,cross,cyan,'LAE2495',,point=cross 14 color=cyan width=2 text={'LAE2495'},502
LAE2499,237.9792917,19.3393369,15:51:55.030,+19:20:21.613,point,cross,cyan,'LAE2499',,point=cross 14 color=cyan width=2 text={'LAE2499'},503
LAE2502,237.9576750,19.3397058,15:51:49.842,+19:20:22.941,point,cross,cyan,'LAE2502',,point=cross 14 color=cyan width=2 text={'LAE2502'},504
LAE2503,237.8518667,19.3400717,15:51:24.448,+19:20:24.258,point,cross,cyan,'LAE2503',,point=cross 14 color=cyan width=2 text={'LAE2503'},505
LAE2505,237.9713125,19.3404597,15:51:53.115,+19:20:25.655,point,cross,cyan,'LAE2505',,point=cross 14 color=cyan width=2 text={'LAE2505'},506
LAE2511,238.0668125,19.3410547,15:52:16.035,+19:20:27.797,point,cross,cyan,'LAE2511',,point=cross 14 color=cyan width=2 text={'LAE2511'},507
LAE2519,237.8312125,19.3435572,15:51:19.491,+19:20:36.806,point,cross,cyan,'LAE2519',,point=cross 14 color=cyan width=2 text={'LAE2519'},508
LAE2520,237.9155250,19.3437675,15:51:39.726,+19:20:37.563,point,cross,cyan,'LAE2520',,point=cross 14 color=cyan width=2 text={'LAE2520'},509
LAE2526,238.1151333,19.3451286,15:52:27.632,+19:20:42.463,point,cross,cyan,'LAE2526',,point=cross 14 color=cyan width=2 text={'LAE2526'},510
LAE2529,237.9560333,19.3457972,15:51:49.448,+19:20:44.870,point,cross,cyan,'LAE2529',,point=cross 14 color=cyan width=2 text={'LAE2529'},511
LAE2533,238.1182542,19.3471964,15:52:28.381,+19:20:49.907,point,cross,cyan,'LAE2533',,point=cross 14 color=cyan width=2 text={'LAE2533'},512
LAE2537,238.0764667,19.3470400,15:52:18.352,+19:20:49.344,point,cross,cyan,'LAE2537',,point=cross 14 color=cyan width=2 text={'LAE2537'},513
LAE2542,238.0760500,19.3478381,15:52:18.252,+19:20:52.217,point,cross,cyan,'LAE2542',,point=cross 14 color=cyan width=2 text={'LAE2542'},514
LAE2543,237.9149208,19.3477847,15:51:39.581,+19:20:52.025,point,cross,cyan,'LAE2543',,point=cross 14 color=cyan width=2 text={'LAE2543'},515
LAE2545,238.0184208,19.3483500,15:52:04.421,+19:20:54.060,point,cross,cyan,'LAE2545',,point=cross 14 color=cyan width=2 text={'LAE2545'},516
LAE2548,237.7846583,19.3486689,15:51:08.318,+19:20:55.208,point,cross,cyan,'LAE2548',,point=cross 14 color=cyan width=2 text={'LAE2548'},517
LAE2551,237.7972875,19.3499761,15:51:11.349,+19:20:59.914,point,cross,cyan,'LAE2551',,point=cross 14 color=cyan width=2 text={'LAE2551'},518
LAE2552,237.8486375,19.3494447,15:51:23.673,+19:20:58.001,point,cross,cyan,'LAE2552',,point=cross 14 color=cyan width=2 text={'LAE2552'},519
LAE2563,237.9200708,19.3533742,15:51:40.817,+19:21:12.147,point,cross,cyan,'LAE2563',,point=cross 14 color=cyan width=2 text={'LAE2563'},520
LAE2568,237.8204417,19.3539717,15:51:16.906,+19:21:14.298,point,cross,cyan,'LAE2568',,point=cross 14 color=cyan width=2 text={'LAE2568'},521
LAE2570,238.0377167,19.3542031,15:52:09.052,+19:21:15.131,point,cross,cyan,'LAE2570',,point=cross 14 color=cyan width=2 text={'LAE2570'},522
LAE2571,238.1221417,19.3524078,15:52:29.314,+19:21:08.668,point,cross,cyan,'LAE2571',,point=cross 14 color=cyan width=2 text={'LAE2571'},523
LAE2577,237.8726250,19.3555414,15:51:29.430,+19:21:19.949,point,cross,cyan,'LAE2577',,point=cross 14 color=cyan width=2 text={'LAE2577'},524
LAE2580,237.8727208,19.3570661,15:51:29.453,+19:21:25.438,point,cross,cyan,'LAE2580',,point=cross 14 color=cyan width=2 text={'LAE2580'},525
LAE2588,237.7976458,19.3577103,15:51:11.435,+19:21:27.757,point,cross,cyan,'LAE2588',,point=cross 14 color=cyan width=2 text={'LAE2588'},526
LAE2594,237.8456917,19.3587400,15:51:22.966,+19:21:31.464,point,cross,cyan,'LAE2594',,point=cross 14 color=cyan width=2 text={'LAE2594'},527
